student_id,gpa,credits_earned,attendance_absences,record_id,last_updated
100000,2.5823795805624936,22,4,1,2025-11-07T21:50:30.308284
100001,3.0788396135293423,49,8,2,2025-11-07T21:50:30.308284
100002,3.2351795411615427,15,8,3,2025-11-07T21:50:30.308284
100003,3.257409890553068,114,7,4,2025-11-07T21:50:30.308284
100004,3.316007055869212,105,4,5,2025-11-07T21:50:30.308284
100005,3.1401888187394817,51,3,6,2025-11-07T21:50:30.308284
100006,2.009056421056728,21,7,7,2025-11-07T21:50:30.308284
100007,3.6316914248697456,56,10,8,2025-11-07T21:50:30.308284
100008,3.715563632703504,46,9,9,2025-11-07T21:50:30.308284
100009,3.1011655642357296,24,10,10,2025-11-07T21:50:30.308284
100010,2.174212198137138,113,9,11,2025-11-07T21:50:30.308284
100011,3.169351321561254,110,10,12,2025-11-07T21:50:30.308284
100012,2.771372280237355,117,6,13,2025-11-07T21:50:30.308284
100013,3.2910904313873126,105,4,14,2025-11-07T21:50:30.308284
100014,3.4670911423135222,21,6,15,2025-11-07T21:50:30.308284
100015,2.8825139261660264,115,10,16,2025-11-07T21:50:30.308284
100016,3.0479261463624274,89,10,17,2025-11-07T21:50:30.308284
100017,2.8795212054078236,109,5,18,2025-11-07T21:50:30.308284
100018,3.1808061286899134,16,7,19,2025-11-07T21:50:30.308284
100019,3.0418751256520973,11,9,20,2025-11-07T21:50:30.308284
100020,3.468223101055173,44,6,21,2025-11-07T21:50:30.308284
100021,3.274797019779739,105,10,22,2025-11-07T21:50:30.308284
100022,3.333563361171265,11,9,23,2025-11-07T21:50:30.308284
100023,2.926986238232693,104,3,24,2025-11-07T21:50:30.308284
100024,3.242958114696748,86,3,25,2025-11-07T21:50:30.308284
100025,3.3325082014748024,58,9,26,2025-11-07T21:50:30.308284
100026,3.366591485955294,59,6,27,2025-11-07T21:50:30.308284
100027,3.5209954734251934,47,8,28,2025-11-07T21:50:30.308284
100028,2.4787296499849134,41,10,29,2025-11-07T21:50:30.308284
100029,2.364705691473404,109,3,30,2025-11-07T21:50:30.308284
100030,3.810796046475236,90,8,31,2025-11-07T21:50:30.308284
100031,2.6455101444888913,43,4,32,2025-11-07T21:50:30.308284
100032,3.941211915312479,50,8,33,2025-11-07T21:50:30.308284
100033,3.3582260368420105,27,3,34,2025-11-07T21:50:30.308284
100034,2.9990924273173794,101,4,35,2025-11-07T21:50:30.308284
100035,3.6903819044590525,60,4,36,2025-11-07T21:50:30.308284
100036,3.11843059810378,20,5,37,2025-11-07T21:50:30.308284
100037,3.7629626574372814,119,4,38,2025-11-07T21:50:30.308284
100038,3.2271928255950506,100,8,39,2025-11-07T21:50:30.308284
100039,2.3118275073475654,20,4,40,2025-11-07T21:50:30.308284
100040,2.0207144986131595,15,6,41,2025-11-07T21:50:30.308284
100041,1.5209401192703123,79,10,42,2025-11-07T21:50:30.308284
100042,2.8864061556666227,54,8,43,2025-11-07T21:50:30.308284
100043,2.677059883352401,72,8,44,2025-11-07T21:50:30.308284
100044,3.2231430703183874,49,3,45,2025-11-07T21:50:30.308284
100045,2.4885994347224853,118,3,46,2025-11-07T21:50:30.308284
100046,2.759134745370243,119,8,47,2025-11-07T21:50:30.308284
100047,3.60611105554974,11,8,48,2025-11-07T21:50:30.308284
100048,3.031874686720188,23,7,49,2025-11-07T21:50:30.308284
100049,3.3559223922260766,73,8,50,2025-11-07T21:50:30.308284
100050,2.9728871317288874,54,7,51,2025-11-07T21:50:30.308284
100051,3.8128458923715516,89,3,52,2025-11-07T21:50:30.308284
100052,3.2729640748060254,105,3,53,2025-11-07T21:50:30.308284
100053,2.7182830030486946,13,9,54,2025-11-07T21:50:30.308284
100054,3.0084813837188897,70,9,55,2025-11-07T21:50:30.308284
100055,3.709465648530256,55,6,56,2025-11-07T21:50:30.308284
100056,3.05081505961665,88,8,57,2025-11-07T21:50:30.308284
100057,2.8406172898849853,72,4,58,2025-11-07T21:50:30.308284
100058,3.3849604940361777,25,9,59,2025-11-07T21:50:30.308284
100059,3.9321265222049795,28,5,60,2025-11-07T21:50:30.308284
100060,2.3516755858199736,115,10,61,2025-11-07T21:50:30.308284
100061,2.326297465873216,74,5,62,2025-11-07T21:50:30.308284
100062,3.134801292856642,22,10,63,2025-11-07T21:50:30.308284
100063,3.903683646295566,90,5,64,2025-11-07T21:50:30.308284
100064,3.0233964452062385,29,5,65,2025-11-07T21:50:30.308284
100065,3.2615906256932288,117,9,66,2025-11-07T21:50:30.308284
100066,3.2175536492935874,18,4,67,2025-11-07T21:50:30.308284
100067,3.4417280990745387,20,9,68,2025-11-07T21:50:30.308284
100068,3.3180241039616227,84,3,69,2025-11-07T21:50:30.308284
100069,3.497746425306062,28,9,70,2025-11-07T21:50:30.308284
100070,2.684331847146315,21,5,71,2025-11-07T21:50:30.308284
100071,2.9752740042656316,44,8,72,2025-11-07T21:50:30.308284
100072,3.7537637997497715,58,3,73,2025-11-07T21:50:30.308284
100073,3.793495167295022,70,9,74,2025-11-07T21:50:30.308284
100074,2.9971383389681274,48,4,75,2025-11-07T21:50:30.308284
100075,3.6387979648760864,25,7,76,2025-11-07T21:50:30.308284
100076,2.0021011019367383,82,3,77,2025-11-07T21:50:30.308284
100077,3.252924923710024,120,7,78,2025-11-07T21:50:30.308284
100078,3.01211781182767,24,5,79,2025-11-07T21:50:30.308284
100079,3.4448419699321837,21,4,80,2025-11-07T21:50:30.308284
100080,2.7101563437258633,22,10,81,2025-11-07T21:50:30.308284
100081,3.064678511822703,73,9,82,2025-11-07T21:50:30.308284
100082,2.998173635627607,75,3,83,2025-11-07T21:50:30.308284
100083,2.796359135615746,12,4,84,2025-11-07T21:50:30.308284
100084,3.3072567032402636,44,6,85,2025-11-07T21:50:30.308284
100085,2.518222784298678,54,7,86,2025-11-07T21:50:30.308284
100086,2.3199450543804305,80,4,87,2025-11-07T21:50:30.308284
100087,2.5262385324043666,41,5,88,2025-11-07T21:50:30.308284
100088,3.8255498076796486,111,6,89,2025-11-07T21:50:30.308284
100089,2.772582772089004,57,6,90,2025-11-07T21:50:30.308284
100090,3.4086495189159223,90,6,91,2025-11-07T21:50:30.308284
100091,3.7032928994416587,112,9,92,2025-11-07T21:50:30.308284
100092,3.8151085461884007,72,5,93,2025-11-07T21:50:30.308284
100093,2.9384275194744274,84,6,94,2025-11-07T21:50:30.308284
100094,3.3096732250163563,26,10,95,2025-11-07T21:50:30.308284
100095,0.7545160439167313,28,3,96,2025-11-07T21:50:30.308284
100096,3.295878596326385,115,8,97,2025-11-07T21:50:30.308284
100097,2.798973756165355,111,9,98,2025-11-07T21:50:30.308284
100098,2.1131552690409094,108,6,99,2025-11-07T21:50:30.308284
100099,2.238003981822096,104,7,100,2025-11-07T21:50:30.308284
100100,3.7288948965972657,87,3,101,2025-11-07T21:50:30.308284
100101,3.345762852946208,57,9,102,2025-11-07T21:50:30.308284
100102,2.769986498966649,10,10,103,2025-11-07T21:50:30.308284
100103,3.350091098687896,110,10,104,2025-11-07T21:50:30.308284
100104,2.875920839763511,23,9,105,2025-11-07T21:50:30.308284
100105,3.3966303679105367,88,7,106,2025-11-07T21:50:30.308284
100106,2.361918714407758,29,10,107,2025-11-07T21:50:30.308284
100107,3.213755663978243,53,5,108,2025-11-07T21:50:30.308284
100108,2.8169834385811363,45,2,109,2025-11-07T21:50:30.308284
100109,3.2162101871882114,26,2,110,2025-11-07T21:50:30.308284
100110,2.7916725895927006,80,2,111,2025-11-07T21:50:30.308284
100111,3.164847382615383,75,2,112,2025-11-07T21:50:30.308284
100112,3.340894405774346,107,1,113,2025-11-07T21:50:30.308284
100113,3.2534639699759826,12,4,114,2025-11-07T21:50:30.308284
100114,3.1514418494326257,81,3,115,2025-11-07T21:50:30.308284
100115,1.8443410342765056,59,1,116,2025-11-07T21:50:30.308284
100116,3.4867568023608926,115,3,117,2025-11-07T21:50:30.308284
100117,3.273409158315385,113,1,118,2025-11-07T21:50:30.308284
100118,3.5720659135153303,23,1,119,2025-11-07T21:50:30.308284
100119,0.9354908201134571,105,3,120,2025-11-07T21:50:30.308284
100120,2.526652772916295,54,2,121,2025-11-07T21:50:30.308284
100121,3.491140735161258,23,3,122,2025-11-07T21:50:30.308284
100122,2.5183109709939884,50,3,123,2025-11-07T21:50:30.308284
100123,2.3406366318969103,114,5,124,2025-11-07T21:50:30.308284
100124,2.174103235394838,55,4,125,2025-11-07T21:50:30.308284
100125,3.574954202890374,115,1,126,2025-11-07T21:50:30.308284
100126,3.7065751194935164,86,2,127,2025-11-07T21:50:30.308284
100127,2.971258847309866,114,3,128,2025-11-07T21:50:30.308284
100128,2.5161851577059804,117,1,129,2025-11-07T21:50:30.308284
100129,2.989022073177893,84,0,130,2025-11-07T21:50:30.308284
100130,3.9251326368572697,111,3,131,2025-11-07T21:50:30.308284
100131,2.534750644988322,22,0,132,2025-11-07T21:50:30.308284
100132,2.6024139530658297,100,4,133,2025-11-07T21:50:30.308284
100133,3.27156974116014,60,2,134,2025-11-07T21:50:30.308284
100134,3.209694689015421,12,2,135,2025-11-07T21:50:30.308284
100135,3.8095156860706747,84,4,136,2025-11-07T21:50:30.308284
100136,3.0566032840514996,45,2,137,2025-11-07T21:50:30.308284
100137,3.707344996282794,43,2,138,2025-11-07T21:50:30.308284
100138,3.457797376993163,16,1,139,2025-11-07T21:50:30.308284
100139,3.3563389139307933,103,3,140,2025-11-07T21:50:30.308284
100140,3.3693851011249367,10,4,141,2025-11-07T21:50:30.308284
100141,2.942905638895735,114,1,142,2025-11-07T21:50:30.308284
100142,2.859421773588789,59,0,143,2025-11-07T21:50:30.308284
100143,3.2629557106572196,87,1,144,2025-11-07T21:50:30.308284
100144,3.4713273395744086,105,3,145,2025-11-07T21:50:30.308284
100145,2.7682887737385307,11,3,146,2025-11-07T21:50:30.308284
100146,2.50750357601378,110,1,147,2025-11-07T21:50:30.308284
100147,3.2159041711680767,20,4,148,2025-11-07T21:50:30.308284
100148,3.336674791635273,86,1,149,2025-11-07T21:50:30.308284
100149,3.912100412212729,78,3,150,2025-11-07T21:50:30.308284
100150,3.549721582804169,54,3,151,2025-11-07T21:50:30.308284
100151,3.0149025774972564,74,2,152,2025-11-07T21:50:30.308284
100152,3.365550981262051,120,4,153,2025-11-07T21:50:30.308284
100153,3.595033707437741,88,2,154,2025-11-07T21:50:30.308284
100154,3.621640562406867,110,2,155,2025-11-07T21:50:30.308284
100155,3.530278063028322,54,1,156,2025-11-07T21:50:30.308284
100156,2.656198525177938,25,5,157,2025-11-07T21:50:30.308284
100157,3.498093755352684,47,0,158,2025-11-07T21:50:30.308284
100158,0.30698323644905723,83,1,159,2025-11-07T21:50:30.308284
100159,3.2551448953748707,50,1,160,2025-11-07T21:50:30.308284
100160,3.1068174292570907,45,5,161,2025-11-07T21:50:30.308284
100161,3.1745193271350853,51,4,162,2025-11-07T21:50:30.308284
100162,2.2579797312824033,55,6,163,2025-11-07T21:50:30.308284
100163,3.2534555395289972,113,4,164,2025-11-07T21:50:30.308284
100164,3.468296189571896,104,1,165,2025-11-07T21:50:30.308284
100165,3.029583981246687,49,2,166,2025-11-07T21:50:30.308284
100166,3.1354818977383343,46,5,167,2025-11-07T21:50:30.308284
100167,3.000164289957721,27,2,168,2025-11-07T21:50:30.308284
100168,3.015062977848719,118,1,169,2025-11-07T21:50:30.308284
100169,2.692586277558377,112,0,170,2025-11-07T21:50:30.308284
100170,3.2671942742732467,81,2,171,2025-11-07T21:50:30.308284
100171,3.40756551447345,25,2,172,2025-11-07T21:50:30.308284
100172,1.1452852817696346,104,1,173,2025-11-07T21:50:30.308284
100173,1.399473974616039,83,4,174,2025-11-07T21:50:30.308284
100174,3.3775351951633423,73,2,175,2025-11-07T21:50:30.308284
100175,3.985783018660384,44,1,176,2025-11-07T21:50:30.308284
100176,3.0986108233005547,106,0,177,2025-11-07T21:50:30.308284
100177,2.9996729457551514,74,0,178,2025-11-07T21:50:30.308284
100178,2.659161931918036,74,3,179,2025-11-07T21:50:30.308284
100179,2.3392915110285912,114,1,180,2025-11-07T21:50:30.308284
100180,2.6597802488542603,40,1,181,2025-11-07T21:50:30.308284
100181,2.9018321021382514,13,2,182,2025-11-07T21:50:30.308284
100182,2.349152523841304,57,2,183,2025-11-07T21:50:30.308284
100183,3.441048936005497,76,2,184,2025-11-07T21:50:30.308284
100184,3.2283824101628844,41,1,185,2025-11-07T21:50:30.308284
100185,3.4000218158109488,74,3,186,2025-11-07T21:50:30.308284
100186,3.9248385067494147,88,4,187,2025-11-07T21:50:30.308284
100187,2.304064295300666,114,3,188,2025-11-07T21:50:30.308284
100188,3.8628644859094354,45,2,189,2025-11-07T21:50:30.308284
100189,3.649576489753547,112,0,190,2025-11-07T21:50:30.308284
100190,2.785466657103161,45,3,191,2025-11-07T21:50:30.308284
100191,3.128203152496106,17,2,192,2025-11-07T21:50:30.308284
100192,3.1562121599550856,14,4,193,2025-11-07T21:50:30.308284
100193,3.4818056166947065,58,2,194,2025-11-07T21:50:30.308284
100194,2.3042331038946555,17,2,195,2025-11-07T21:50:30.308284
100195,2.7890172828074813,20,0,196,2025-11-07T21:50:30.308284
100196,3.200059571312279,118,1,197,2025-11-07T21:50:30.308284
100197,3.8840875831110058,108,3,198,2025-11-07T21:50:30.308284
100198,2.8088017138475494,14,5,199,2025-11-07T21:50:30.308284
100199,0.24064634628607084,57,0,200,2025-11-07T21:50:30.308284
100200,2.9946514108638222,19,1,201,2025-11-07T21:50:30.308284
100201,3.93813961503761,16,3,202,2025-11-07T21:50:30.308284
100202,3.2046601874949494,84,4,203,2025-11-07T21:50:30.308284
100203,3.630272691244256,100,3,204,2025-11-07T21:50:30.308284
100204,3.1458985708836127,108,4,205,2025-11-07T21:50:30.308284
100205,3.3407374270467516,10,1,206,2025-11-07T21:50:30.308284
100206,2.390763469653187,59,2,207,2025-11-07T21:50:30.308284
100207,2.644101000002253,45,5,208,2025-11-07T21:50:30.308284
100208,2.4576632729227947,30,1,209,2025-11-07T21:50:30.308284
100209,3.7598451693175874,56,1,210,2025-11-07T21:50:30.308284
100210,3.3801073628876805,77,1,211,2025-11-07T21:50:30.308284
100211,3.203040274713526,12,4,212,2025-11-07T21:50:30.308284
100212,3.3605546091389855,85,1,213,2025-11-07T21:50:30.308284
100213,2.1691440890755382,22,4,214,2025-11-07T21:50:30.308284
100214,3.4635169664541867,102,1,215,2025-11-07T21:50:30.308284
100215,3.236638521312156,23,2,216,2025-11-07T21:50:30.308284
100216,3.4058146855056943,120,3,217,2025-11-07T21:50:30.308284
100217,3.275826209321184,20,4,218,2025-11-07T21:50:30.308284
100218,2.6805482737998765,22,0,219,2025-11-07T21:50:30.308284
100219,3.322171544669433,59,2,220,2025-11-07T21:50:30.308284
100220,3.719921947634878,106,3,221,2025-11-07T21:50:30.308284
100221,3.672620467007166,104,3,222,2025-11-07T21:50:30.308284
100222,2.6260526871329968,13,3,223,2025-11-07T21:50:30.308284
100223,3.3508144378105884,30,2,224,2025-11-07T21:50:30.308284
100224,3.6410262441842765,49,6,225,2025-11-07T21:50:30.308284
100225,2.735321551422391,89,2,226,2025-11-07T21:50:30.308284
100226,2.994370203232943,82,2,227,2025-11-07T21:50:30.308284
100227,3.4541846652980492,29,0,228,2025-11-07T21:50:30.308284
100228,2.534610450171073,12,2,229,2025-11-07T21:50:30.308284
100229,2.227704216595654,85,5,230,2025-11-07T21:50:30.308284
100230,2.995947087713977,73,3,231,2025-11-07T21:50:30.308284
100231,3.0811814765334575,113,1,232,2025-11-07T21:50:30.308284
100232,3.0752873023270557,86,3,233,2025-11-07T21:50:30.308284
100233,3.985583592082713,74,2,234,2025-11-07T21:50:30.308284
100234,3.610454525736298,13,1,235,2025-11-07T21:50:30.308284
100235,2.951281227812773,12,0,236,2025-11-07T21:50:30.308284
100236,3.091817744872475,71,0,237,2025-11-07T21:50:30.308284
100237,2.8193639509504203,58,3,238,2025-11-07T21:50:30.308284
100238,2.7565666044495116,11,5,239,2025-11-07T21:50:30.308284
100239,3.329355189758121,119,0,240,2025-11-07T21:50:30.308284
100240,3.4402447629060084,19,0,241,2025-11-07T21:50:30.308284
100241,3.0612006500526157,46,4,242,2025-11-07T21:50:30.308284
100242,2.534207590515024,53,1,243,2025-11-07T21:50:30.308284
100243,3.473892733263824,52,1,244,2025-11-07T21:50:30.308284
100244,2.7066674341707793,60,2,245,2025-11-07T21:50:30.308284
100245,3.4479236490980227,52,2,246,2025-11-07T21:50:30.308284
100246,3.587975361217649,102,1,247,2025-11-07T21:50:30.308284
100247,3.346073578763723,103,4,248,2025-11-07T21:50:30.308284
100248,3.9426837888834596,57,3,249,2025-11-07T21:50:30.308284
100249,3.7765616226972334,81,2,250,2025-11-07T21:50:30.308284
100250,2.278695938352419,41,1,251,2025-11-07T21:50:30.308284
100251,2.608432776476066,74,2,252,2025-11-07T21:50:30.308284
100252,3.006027049907299,30,4,253,2025-11-07T21:50:30.308284
100253,3.4531509536923903,54,2,254,2025-11-07T21:50:30.308284
100254,3.762497419355572,80,2,255,2025-11-07T21:50:30.308284
100255,3.477713768196063,19,3,256,2025-11-07T21:50:30.308284
100256,1.3223422507854956,107,3,257,2025-11-07T21:50:30.308284
100257,2.3311453701749416,86,3,258,2025-11-07T21:50:30.308284
100258,2.8767020903057365,77,3,259,2025-11-07T21:50:30.308284
100259,2.6603519638858466,25,3,260,2025-11-07T21:50:30.308284
100260,2.952414657561481,45,2,261,2025-11-07T21:50:30.308284
100261,2.880008560145848,47,4,262,2025-11-07T21:50:30.308284
100262,3.3966723555780094,47,2,263,2025-11-07T21:50:30.308284
100263,2.3051076993823463,29,3,264,2025-11-07T21:50:30.308284
100264,2.4709745168565123,84,2,265,2025-11-07T21:50:30.308284
100265,0.586213475476012,15,2,266,2025-11-07T21:50:30.308284
100266,3.490062924025855,102,1,267,2025-11-07T21:50:30.308284
100267,2.449672268051621,71,1,268,2025-11-07T21:50:30.308284
100268,3.1305907108952225,80,1,269,2025-11-07T21:50:30.308284
100269,2.5466197578424175,53,4,270,2025-11-07T21:50:30.308284
100270,2.804180011825323,88,0,271,2025-11-07T21:50:30.308284
100271,1.718573631553099,22,1,272,2025-11-07T21:50:30.308284
100272,0.5111955623790159,17,4,273,2025-11-07T21:50:30.308284
100273,0.4807490841472781,23,1,274,2025-11-07T21:50:30.308284
100274,3.465366089317659,76,1,275,2025-11-07T21:50:30.308284
100275,2.3563969186696383,26,4,276,2025-11-07T21:50:30.308284
100276,2.1910556263974255,109,1,277,2025-11-07T21:50:30.308284
100277,2.6050365613112887,56,2,278,2025-11-07T21:50:30.308284
100278,2.6303051197709344,88,1,279,2025-11-07T21:50:30.308284
100279,3.533015857762828,89,1,280,2025-11-07T21:50:30.308284
100280,2.554447039824174,21,6,281,2025-11-07T21:50:30.308284
100281,2.5117680744292255,71,2,282,2025-11-07T21:50:30.308284
100282,3.95942478617863,57,3,283,2025-11-07T21:50:30.308284
100283,3.1317803644087516,90,2,284,2025-11-07T21:50:30.308284
100284,3.4275271234432343,56,2,285,2025-11-07T21:50:30.308284
100285,2.6210366655286967,44,2,286,2025-11-07T21:50:30.308284
100286,2.8690853106854255,40,4,287,2025-11-07T21:50:30.308284
100287,3.4202040723310585,76,2,288,2025-11-07T21:50:30.308284
100288,3.4982587562167793,43,2,289,2025-11-07T21:50:30.308284
100289,3.676781013729932,79,3,290,2025-11-07T21:50:30.308284
100290,3.564391955111219,112,2,291,2025-11-07T21:50:30.308284
100291,3.1010547604662593,115,2,292,2025-11-07T21:50:30.308284
100292,3.824006610330426,72,2,293,2025-11-07T21:50:30.308284
100293,3.259245873821508,12,1,294,2025-11-07T21:50:30.308284
100294,2.5669168687451656,47,1,295,2025-11-07T21:50:30.308284
100295,2.8770823179655975,41,2,296,2025-11-07T21:50:30.308284
100296,0.22463071300997273,45,1,297,2025-11-07T21:50:30.308284
100297,2.6703445682967666,12,1,298,2025-11-07T21:50:30.308284
100298,2.1594999161365056,60,3,299,2025-11-07T21:50:30.308284
100299,3.4957627386798498,106,2,300,2025-11-07T21:50:30.308284
100300,3.5464002142728828,26,1,301,2025-11-07T21:50:30.308284
100301,3.715009358174325,60,1,302,2025-11-07T21:50:30.308284
100302,3.0218888421371455,113,4,303,2025-11-07T21:50:30.308284
100303,3.3770394188808557,79,1,304,2025-11-07T21:50:30.308284
100304,3.2923757886944083,89,3,305,2025-11-07T21:50:30.308284
100305,3.5875051337903887,60,2,306,2025-11-07T21:50:30.308284
100306,2.1889602524318135,84,1,307,2025-11-07T21:50:30.308284
100307,3.9456921547436927,13,0,308,2025-11-07T21:50:30.308284
100308,3.0737467177802165,71,2,309,2025-11-07T21:50:30.308284
100309,2.5633576577644535,117,2,310,2025-11-07T21:50:30.308284
100310,3.370205463232867,60,0,311,2025-11-07T21:50:30.308284
100311,3.8996443494219646,28,2,312,2025-11-07T21:50:30.308284
100312,2.3370030057555393,89,3,313,2025-11-07T21:50:30.308284
100313,3.444793547011677,25,2,314,2025-11-07T21:50:30.308284
100314,2.067673778910974,104,2,315,2025-11-07T21:50:30.308284
100315,3.652896009251833,81,0,316,2025-11-07T21:50:30.308284
100316,2.9325894815351172,59,2,317,2025-11-07T21:50:30.308284
100317,3.3970308256621458,90,5,318,2025-11-07T21:50:30.308284
100318,3.204123327012755,60,2,319,2025-11-07T21:50:30.308284
100319,2.948844876886597,13,0,320,2025-11-07T21:50:30.308284
100320,3.6584252829813155,81,1,321,2025-11-07T21:50:30.308284
100321,2.766070643991971,14,3,322,2025-11-07T21:50:30.308284
100322,2.590338443446981,85,3,323,2025-11-07T21:50:30.308284
100323,3.4500225104628046,88,3,324,2025-11-07T21:50:30.308284
100324,3.331463828703494,28,3,325,2025-11-07T21:50:30.308284
100325,2.2200159562877984,60,2,326,2025-11-07T21:50:30.308284
100326,3.331842716563533,28,2,327,2025-11-07T21:50:30.308284
100327,2.758399186409206,90,2,328,2025-11-07T21:50:30.308284
100328,2.9887605121984633,77,3,329,2025-11-07T21:50:30.308284
100329,2.15274959481515,26,1,330,2025-11-07T21:50:30.308284
100330,3.801627717238773,48,3,331,2025-11-07T21:50:30.308284
100331,3.1312127494053916,14,2,332,2025-11-07T21:50:30.308284
100332,3.828812774906818,57,2,333,2025-11-07T21:50:30.308284
100333,2.9972669570059813,76,4,334,2025-11-07T21:50:30.308284
100334,3.3779691050882317,56,1,335,2025-11-07T21:50:30.308284
100335,2.423332403831067,78,3,336,2025-11-07T21:50:30.308284
100336,3.7093433135719542,53,1,337,2025-11-07T21:50:30.308284
100337,3.7163691307831197,11,3,338,2025-11-07T21:50:30.308284
100338,3.907425305958156,54,5,339,2025-11-07T21:50:30.308284
100339,2.900872801488899,115,5,340,2025-11-07T21:50:30.308284
100340,3.613493585725746,76,1,341,2025-11-07T21:50:30.308284
100341,2.582889335439972,18,2,342,2025-11-07T21:50:30.308284
100342,2.6390041197452185,60,7,343,2025-11-07T21:50:30.308284
100343,2.819170748038046,44,4,344,2025-11-07T21:50:30.308284
100344,0.7967480121042185,110,3,345,2025-11-07T21:50:30.308284
100345,3.1591830530487828,115,3,346,2025-11-07T21:50:30.308284
100346,3.475468356084749,27,0,347,2025-11-07T21:50:30.308284
100347,3.3917628146534913,55,3,348,2025-11-07T21:50:30.308284
100348,3.108590390643993,15,3,349,2025-11-07T21:50:30.308284
100349,3.623908256820918,80,2,350,2025-11-07T21:50:30.308284
100350,3.1304999738296155,56,3,351,2025-11-07T21:50:30.308284
100351,3.460503189777975,54,2,352,2025-11-07T21:50:30.308284
100352,2.8017569483302904,42,5,353,2025-11-07T21:50:30.308284
100353,2.740287474495406,54,0,354,2025-11-07T21:50:30.308284
100354,2.6041042679494657,49,7,355,2025-11-07T21:50:30.308284
100355,3.2254910077087176,84,2,356,2025-11-07T21:50:30.308284
100356,3.0621634773189412,51,3,357,2025-11-07T21:50:30.308284
100357,3.0854309037446175,28,1,358,2025-11-07T21:50:30.308284
100358,2.523976627307805,59,1,359,2025-11-07T21:50:30.308284
100359,3.1657117747251267,77,1,360,2025-11-07T21:50:30.308284
100360,2.961787382810271,78,2,361,2025-11-07T21:50:30.308284
100361,3.9484742479279484,10,0,362,2025-11-07T21:50:30.308284
100362,3.4550546505648514,41,1,363,2025-11-07T21:50:30.308284
100363,2.945876818479121,44,2,364,2025-11-07T21:50:30.308284
100364,2.818882239249767,47,2,365,2025-11-07T21:50:30.308284
100365,2.613040826662122,104,1,366,2025-11-07T21:50:30.308284
100366,3.6987887683793312,84,3,367,2025-11-07T21:50:30.308284
100367,3.3887316665064526,120,1,368,2025-11-07T21:50:30.308284
100368,2.0107304127872703,74,1,369,2025-11-07T21:50:30.308284
100369,3.5015735052220776,46,4,370,2025-11-07T21:50:30.308284
100370,2.5842830840912003,117,2,371,2025-11-07T21:50:30.308284
100371,3.1776628509145404,113,2,372,2025-11-07T21:50:30.308284
100372,3.212607301804031,75,2,373,2025-11-07T21:50:30.308284
100373,2.73401389947976,80,1,374,2025-11-07T21:50:30.308284
100374,3.179481888676986,22,7,375,2025-11-07T21:50:30.308284
100375,3.8456409267725222,89,5,376,2025-11-07T21:50:30.308284
100376,3.397178607230349,12,5,377,2025-11-07T21:50:30.308284
100377,3.3687779738465795,59,2,378,2025-11-07T21:50:30.308284
100378,3.1747148278218287,79,4,379,2025-11-07T21:50:30.308284
100379,3.4680137480039424,87,2,380,2025-11-07T21:50:30.308284
100380,3.85181445116234,103,1,381,2025-11-07T21:50:30.308284
100381,3.3238241117188627,112,2,382,2025-11-07T21:50:30.308284
100382,2.876407993058585,77,0,383,2025-11-07T21:50:30.308284
100383,2.6669445794882884,25,1,384,2025-11-07T21:50:30.308284
100384,3.8786374857725776,48,2,385,2025-11-07T21:50:30.308284
100385,1.8528955522755377,76,2,386,2025-11-07T21:50:30.308284
100386,0.24352848667026405,25,3,387,2025-11-07T21:50:30.308284
100387,2.6826461160433706,103,2,388,2025-11-07T21:50:30.308284
100388,2.9554016834174965,81,2,389,2025-11-07T21:50:30.308284
100389,2.5615185940092333,76,0,390,2025-11-07T21:50:30.308284
100390,3.1382641662053543,56,5,391,2025-11-07T21:50:30.308284
100391,3.2515437666059266,25,3,392,2025-11-07T21:50:30.308284
100392,3.286330860341273,21,3,393,2025-11-07T21:50:30.308284
100393,3.5682642223987107,77,0,394,2025-11-07T21:50:30.308284
100394,3.0150894109633875,60,0,395,2025-11-07T21:50:30.308284
100395,3.494291065699375,115,3,396,2025-11-07T21:50:30.308284
100396,0.6909087271648797,21,5,397,2025-11-07T21:50:30.308284
100397,3.248315933011763,29,2,398,2025-11-07T21:50:30.308284
100398,3.5007417800089464,115,4,399,2025-11-07T21:50:30.308284
100399,3.2416782947005167,72,2,400,2025-11-07T21:50:30.308284
100400,3.3240062146409706,103,2,401,2025-11-07T21:50:30.308284
100401,2.9829065311841267,51,1,402,2025-11-07T21:50:30.308284
100402,3.061817589440964,112,2,403,2025-11-07T21:50:30.308284
100403,3.7726196138791352,102,3,404,2025-11-07T21:50:30.308284
100404,3.6079771861105168,73,3,405,2025-11-07T21:50:30.308284
100405,3.25702573583258,57,3,406,2025-11-07T21:50:30.308284
100406,3.720618751411308,41,2,407,2025-11-07T21:50:30.308284
100407,3.2109314535642306,109,5,408,2025-11-07T21:50:30.308284
100408,2.635399351675327,44,1,409,2025-11-07T21:50:30.308284
100409,3.9616693590586167,20,5,410,2025-11-07T21:50:30.308284
100410,3.1471356389403593,106,3,411,2025-11-07T21:50:30.308284
100411,2.7079147069545106,26,5,412,2025-11-07T21:50:30.308284
100412,3.4051218187869905,100,3,413,2025-11-07T21:50:30.308284
100413,3.9053676512048296,89,2,414,2025-11-07T21:50:30.308284
100414,3.505632803649301,88,3,415,2025-11-07T21:50:30.308284
100415,2.922173191684349,13,2,416,2025-11-07T21:50:30.308284
100416,2.0375939891431463,47,3,417,2025-11-07T21:50:30.308284
100417,3.033573987389423,29,0,418,2025-11-07T21:50:30.308284
100418,2.543878677793721,18,5,419,2025-11-07T21:50:30.308284
100419,3.28551736907236,41,4,420,2025-11-07T21:50:30.308284
100420,3.273340969873176,81,4,421,2025-11-07T21:50:30.308284
100421,3.509070461476024,104,2,422,2025-11-07T21:50:30.308284
100422,3.746048045900869,79,3,423,2025-11-07T21:50:30.308284
100423,2.686569211777661,20,3,424,2025-11-07T21:50:30.308284
100424,2.3429026094152112,16,3,425,2025-11-07T21:50:30.308284
100425,3.2331297771351104,109,3,426,2025-11-07T21:50:30.308284
100426,1.1899630173824132,42,2,427,2025-11-07T21:50:30.308284
100427,2.62008524307695,57,3,428,2025-11-07T21:50:30.308284
100428,2.8969522265616185,119,3,429,2025-11-07T21:50:30.308284
100429,2.8318291604151047,40,3,430,2025-11-07T21:50:30.308284
100430,2.96428068804853,43,2,431,2025-11-07T21:50:30.308284
100431,3.3472880077040523,88,3,432,2025-11-07T21:50:30.308284
100432,2.8473626562563954,55,1,433,2025-11-07T21:50:30.308284
100433,3.254877509059713,101,5,434,2025-11-07T21:50:30.308284
100434,3.4751106358588117,114,2,435,2025-11-07T21:50:30.308284
100435,3.1731179720961395,117,1,436,2025-11-07T21:50:30.308284
100436,3.019939455372325,52,3,437,2025-11-07T21:50:30.308284
100437,3.887890706012848,46,3,438,2025-11-07T21:50:30.308284
100438,3.4903917500590342,49,3,439,2025-11-07T21:50:30.308284
100439,2.728221236705321,41,3,440,2025-11-07T21:50:30.308284
100440,2.7891221095414864,14,0,441,2025-11-07T21:50:30.308284
100441,3.143308336681845,86,4,442,2025-11-07T21:50:30.308284
100442,3.270393677028851,50,3,443,2025-11-07T21:50:30.308284
100443,2.640089335603444,16,4,444,2025-11-07T21:50:30.308284
100444,3.418464193602399,87,2,445,2025-11-07T21:50:30.308284
100445,3.3319585181970246,113,2,446,2025-11-07T21:50:30.308284
100446,3.087106357557957,89,1,447,2025-11-07T21:50:30.308284
100447,3.8288402599422104,110,1,448,2025-11-07T21:50:30.308284
100448,2.0152825767709857,25,4,449,2025-11-07T21:50:30.308284
100449,2.709681394872222,48,1,450,2025-11-07T21:50:30.308284
100450,2.811218644380776,85,1,451,2025-11-07T21:50:30.308284
100451,3.017998495758892,119,1,452,2025-11-07T21:50:30.308284
100452,3.1123941609273897,16,3,453,2025-11-07T21:50:30.308284
100453,2.6052181154672245,22,2,454,2025-11-07T21:50:30.308284
100454,2.056031672372023,52,6,455,2025-11-07T21:50:30.308284
100455,2.4419024487376992,20,2,456,2025-11-07T21:50:30.308284
100456,3.826869083013388,71,3,457,2025-11-07T21:50:30.308284
100457,3.4018398051826977,107,0,458,2025-11-07T21:50:30.308284
100458,3.40421112829752,11,2,459,2025-11-07T21:50:30.308284
100459,1.7450835999394498,50,2,460,2025-11-07T21:50:30.308284
100460,3.1665303803945974,54,3,461,2025-11-07T21:50:30.308284
100461,3.501392256972585,42,2,462,2025-11-07T21:50:30.308284
100462,2.219897354408484,25,0,463,2025-11-07T21:50:30.308284
100463,3.236903700579105,75,2,464,2025-11-07T21:50:30.308284
100464,3.94936997229421,45,6,465,2025-11-07T21:50:30.308284
100465,3.235862756366295,50,3,466,2025-11-07T21:50:30.308284
100466,2.93406641968857,105,1,467,2025-11-07T21:50:30.308284
100467,2.635958239076464,19,1,468,2025-11-07T21:50:30.308284
100468,2.874909492615084,114,0,469,2025-11-07T21:50:30.308284
100469,2.9256989041421804,60,1,470,2025-11-07T21:50:30.308284
100470,3.445828839951258,26,3,471,2025-11-07T21:50:30.308284
100471,2.8351177919571713,112,3,472,2025-11-07T21:50:30.308284
100472,2.216783151878335,26,4,473,2025-11-07T21:50:30.308284
100473,3.9817066182819714,89,0,474,2025-11-07T21:50:30.308284
100474,2.3602142846495324,56,6,475,2025-11-07T21:50:30.308284
100475,2.046138974926719,86,4,476,2025-11-07T21:50:30.308284
100476,2.5072080007465267,107,2,477,2025-11-07T21:50:30.308284
100477,3.302845299232801,40,1,478,2025-11-07T21:50:30.308284
100478,2.090241386109384,54,5,479,2025-11-07T21:50:30.308284
100479,2.5608356160888257,101,2,480,2025-11-07T21:50:30.308284
100480,2.8002453630184325,43,5,481,2025-11-07T21:50:30.308284
100481,1.568417527335445,47,2,482,2025-11-07T21:50:30.308284
100482,3.0365592363927534,55,2,483,2025-11-07T21:50:30.308284
100483,1.8195737469359696,25,1,484,2025-11-07T21:50:30.308284
100484,3.010579565685468,43,3,485,2025-11-07T21:50:30.308284
100485,3.200146710711472,105,2,486,2025-11-07T21:50:30.308284
100486,3.03676005536237,10,4,487,2025-11-07T21:50:30.308284
100487,3.8779770539596283,24,5,488,2025-11-07T21:50:30.308284
100488,2.778318115019366,84,4,489,2025-11-07T21:50:30.308284
100489,2.8942088588152357,44,3,490,2025-11-07T21:50:30.308284
100490,3.289525380717083,23,1,491,2025-11-07T21:50:30.308284
100491,3.1134041593818758,89,4,492,2025-11-07T21:50:30.308284
100492,3.966913773155702,13,1,493,2025-11-07T21:50:30.308284
100493,2.3832324178687494,50,0,494,2025-11-07T21:50:30.308284
100494,3.336732405409708,100,6,495,2025-11-07T21:50:30.308284
100495,3.0530070188691587,102,3,496,2025-11-07T21:50:30.308284
100496,2.5241157638330147,90,1,497,2025-11-07T21:50:30.308284
100497,3.035420666569047,108,1,498,2025-11-07T21:50:30.308284
100498,3.978486736516107,111,1,499,2025-11-07T21:50:30.308284
100499,0.9754632882869825,107,0,500,2025-11-07T21:50:30.308284
100500,2.9732496137918636,16,6,501,2025-11-07T21:50:30.308284
100501,3.273981513483783,87,2,502,2025-11-07T21:50:30.308284
100502,2.2577870245929335,43,5,503,2025-11-07T21:50:30.308284
100503,2.839817185522996,118,2,504,2025-11-07T21:50:30.308284
100504,3.321594843743701,78,2,505,2025-11-07T21:50:30.308284
100505,2.6392785854703487,12,2,506,2025-11-07T21:50:30.308284
100506,3.2300773616448506,107,2,507,2025-11-07T21:50:30.308284
100507,2.3646120106730435,108,2,508,2025-11-07T21:50:30.308284
100508,3.0492429396464797,10,3,509,2025-11-07T21:50:30.308284
100509,3.5338936858879597,80,5,510,2025-11-07T21:50:30.308284
100510,3.1013303862391863,28,6,511,2025-11-07T21:50:30.308284
100511,3.1492133141251286,11,2,512,2025-11-07T21:50:30.308284
100512,2.661666133334002,113,3,513,2025-11-07T21:50:30.308284
100513,3.1898279812812365,20,3,514,2025-11-07T21:50:30.308284
100514,2.0364663014287094,27,3,515,2025-11-07T21:50:30.308284
100515,3.4273343327952226,108,1,516,2025-11-07T21:50:30.308284
100516,2.8884201938013483,85,3,517,2025-11-07T21:50:30.308284
100517,2.7685645487475004,43,4,518,2025-11-07T21:50:30.308284
100518,2.975825820605611,43,1,519,2025-11-07T21:50:30.308284
100519,3.7544451943187878,75,3,520,2025-11-07T21:50:30.308284
100520,3.9214887368116376,51,3,521,2025-11-07T21:50:30.308284
100521,3.8280288611704987,42,1,522,2025-11-07T21:50:30.308284
100522,3.3828760536994213,17,2,523,2025-11-07T21:50:30.308284
100523,2.8207995586802266,73,0,524,2025-11-07T21:50:30.308284
100524,3.9617466540945694,41,2,525,2025-11-07T21:50:30.308284
100525,3.1607072981169795,54,1,526,2025-11-07T21:50:30.308284
100526,2.9119532824311336,108,2,527,2025-11-07T21:50:30.308284
100527,3.9039499865103444,114,6,528,2025-11-07T21:50:30.308284
100528,2.7088892833597065,18,3,529,2025-11-07T21:50:30.308284
100529,3.831424091811966,22,2,530,2025-11-07T21:50:30.308284
100530,2.909502625003073,81,1,531,2025-11-07T21:50:30.308284
100531,3.2882645560386443,30,2,532,2025-11-07T21:50:30.308284
100532,2.013147312023516,25,1,533,2025-11-07T21:50:30.308284
100533,2.862651359791539,49,1,534,2025-11-07T21:50:30.308284
100534,2.950379799486077,22,2,535,2025-11-07T21:50:30.308284
100535,2.877371471004744,44,1,536,2025-11-07T21:50:30.308284
100536,3.507695444126854,43,3,537,2025-11-07T21:50:30.308284
100537,2.546435007699338,101,2,538,2025-11-07T21:50:30.308284
100538,3.439920238952236,46,4,539,2025-11-07T21:50:30.308284
100539,2.877953750259397,72,1,540,2025-11-07T21:50:30.308284
100540,2.623131004659572,82,1,541,2025-11-07T21:50:30.308284
100541,3.0998342700340924,106,3,542,2025-11-07T21:50:30.308284
100542,2.078061602247778,81,1,543,2025-11-07T21:50:30.308284
100543,3.2856327109710675,79,4,544,2025-11-07T21:50:30.308284
100544,3.222576222312132,56,1,545,2025-11-07T21:50:30.308284
100545,3.402855352292462,71,5,546,2025-11-07T21:50:30.308284
100546,3.6763251208742633,105,3,547,2025-11-07T21:50:30.308284
100547,3.634207261967441,44,3,548,2025-11-07T21:50:30.308284
100548,2.1667125026365217,45,2,549,2025-11-07T21:50:30.308284
100549,3.1457048416867175,112,3,550,2025-11-07T21:50:30.308284
100550,1.9841077744216014,72,1,551,2025-11-07T21:50:30.308284
100551,3.168795893149906,84,2,552,2025-11-07T21:50:30.308284
100552,1.0229042702983393,71,1,553,2025-11-07T21:50:30.308284
100553,3.4505651753252415,75,2,554,2025-11-07T21:50:30.308284
100554,3.0133707809839083,54,0,555,2025-11-07T21:50:30.308284
100555,2.7289196944619736,108,2,556,2025-11-07T21:50:30.308284
100556,2.3112522652645717,45,2,557,2025-11-07T21:50:30.308284
100557,3.82074402080545,28,2,558,2025-11-07T21:50:30.308284
100558,3.262378279845963,60,2,559,2025-11-07T21:50:30.308284
100559,3.4189407390027915,43,3,560,2025-11-07T21:50:30.308284
100560,2.8101844660405497,58,2,561,2025-11-07T21:50:30.308284
100561,2.2434069926588025,29,1,562,2025-11-07T21:50:30.308284
100562,0.6360408423437314,47,2,563,2025-11-07T21:50:30.308284
100563,3.4571473558449624,77,3,564,2025-11-07T21:50:30.308284
100564,3.6449228132619416,71,4,565,2025-11-07T21:50:30.308284
100565,3.234961639229764,84,5,566,2025-11-07T21:50:30.308284
100566,3.446872682035578,103,3,567,2025-11-07T21:50:30.308284
100567,2.8620417685759065,58,1,568,2025-11-07T21:50:30.308284
100568,3.6178606167266665,116,4,569,2025-11-07T21:50:30.308284
100569,2.6400205601149134,20,1,570,2025-11-07T21:50:30.308284
100570,3.1930381064511875,83,2,571,2025-11-07T21:50:30.308284
100571,3.723644450542396,116,1,572,2025-11-07T21:50:30.308284
100572,0.4204163206629552,50,1,573,2025-11-07T21:50:30.308284
100573,2.7719552004731822,120,5,574,2025-11-07T21:50:30.308284
100574,3.9986633834624543,110,3,575,2025-11-07T21:50:30.308284
100575,3.5389886457117026,10,5,576,2025-11-07T21:50:30.308284
100576,2.9367537360880718,102,5,577,2025-11-07T21:50:30.308284
100577,3.7570899653135705,52,3,578,2025-11-07T21:50:30.308284
100578,3.768128809244513,14,4,579,2025-11-07T21:50:30.308284
100579,1.328336302204819,87,0,580,2025-11-07T21:50:30.308284
100580,3.5649923766302716,12,3,581,2025-11-07T21:50:30.308284
100581,2.7262549197536403,54,1,582,2025-11-07T21:50:30.308284
100582,0.04057332478396525,47,3,583,2025-11-07T21:50:30.308284
100583,3.6738717551358877,113,4,584,2025-11-07T21:50:30.308284
100584,2.8025877125896836,110,3,585,2025-11-07T21:50:30.308284
100585,0.40206624225987886,30,2,586,2025-11-07T21:50:30.308284
100586,3.831195601489494,46,2,587,2025-11-07T21:50:30.308284
100587,3.851842685540847,16,5,588,2025-11-07T21:50:30.308284
100588,3.316764636668312,11,1,589,2025-11-07T21:50:30.308284
100589,1.2073244127558982,26,6,590,2025-11-07T21:50:30.308284
100590,3.183462996176096,107,3,591,2025-11-07T21:50:30.308284
100591,3.271663702110034,73,4,592,2025-11-07T21:50:30.308284
100592,3.2649428279359944,10,7,593,2025-11-07T21:50:30.308284
100593,3.7186371524974478,24,5,594,2025-11-07T21:50:30.308284
100594,3.6795709642364964,77,4,595,2025-11-07T21:50:30.308284
100595,3.9746722977543643,49,4,596,2025-11-07T21:50:30.308284
100596,3.016868074424831,49,4,597,2025-11-07T21:50:30.308284
100597,3.7110382322143454,12,9,598,2025-11-07T21:50:30.308284
100598,2.5784152185681792,21,4,599,2025-11-07T21:50:30.308284
100599,3.3470267942345666,102,2,600,2025-11-07T21:50:30.308284
100600,2.248638375807564,110,1,601,2025-11-07T21:50:30.308284
100601,2.567876105739855,43,8,602,2025-11-07T21:50:30.308284
100602,2.9842828362447147,56,0,603,2025-11-07T21:50:30.308284
100603,3.318338488870885,116,2,604,2025-11-07T21:50:30.308284
100604,3.3092826749681414,51,2,605,2025-11-07T21:50:30.308284
100605,3.4881190150219337,19,1,606,2025-11-07T21:50:30.308284
100606,3.498840208056498,103,3,607,2025-11-07T21:50:30.308284
100607,2.7918728858947452,60,4,608,2025-11-07T21:50:30.308284
100608,2.796432967186213,40,5,609,2025-11-07T21:50:30.308284
100609,3.86077514592099,21,3,610,2025-11-07T21:50:30.308284
100610,2.0215443297562423,112,4,611,2025-11-07T21:50:30.308284
100611,2.944142510381975,74,1,612,2025-11-07T21:50:30.308284
100612,3.1622427862342346,113,3,613,2025-11-07T21:50:30.308284
100613,2.6762136445700797,82,3,614,2025-11-07T21:50:30.308284
100614,3.0163414805136557,82,1,615,2025-11-07T21:50:30.308284
100615,3.068298115106439,20,4,616,2025-11-07T21:50:30.308284
100616,0.09911983580136985,79,2,617,2025-11-07T21:50:30.308284
100617,2.9587657944310655,26,2,618,2025-11-07T21:50:30.308284
100618,3.4667731050235666,58,4,619,2025-11-07T21:50:30.308284
100619,3.0322253626843776,110,2,620,2025-11-07T21:50:30.308284
100620,2.3958264635877144,55,2,621,2025-11-07T21:50:30.308284
100621,2.071253008694837,17,1,622,2025-11-07T21:50:30.308284
100622,2.47856857654288,58,3,623,2025-11-07T21:50:30.308284
100623,2.9285817210302674,117,0,624,2025-11-07T21:50:30.308284
100624,3.7389203189178595,55,3,625,2025-11-07T21:50:30.308284
100625,2.601826910863833,118,1,626,2025-11-07T21:50:30.308284
100626,3.4997835631449226,18,4,627,2025-11-07T21:50:30.308284
100627,3.0351084525611163,82,2,628,2025-11-07T21:50:30.308284
100628,3.89418892061277,87,1,629,2025-11-07T21:50:30.308284
100629,3.1098090743783864,88,3,630,2025-11-07T21:50:30.308284
100630,2.0990090362749183,117,1,631,2025-11-07T21:50:30.308284
100631,3.1087474250192995,25,3,632,2025-11-07T21:50:30.308284
100632,2.900529797558449,43,1,633,2025-11-07T21:50:30.308284
100633,0.20243798495162912,13,3,634,2025-11-07T21:50:30.308284
100634,0.43685093723441937,80,2,635,2025-11-07T21:50:30.308284
100635,3.837606098183683,70,3,636,2025-11-07T21:50:30.308284
100636,2.498350402564991,14,2,637,2025-11-07T21:50:30.308284
100637,3.8788309428819288,30,1,638,2025-11-07T21:50:30.308284
100638,3.669715797397991,43,2,639,2025-11-07T21:50:30.308284
100639,2.9950172636453147,59,0,640,2025-11-07T21:50:30.308284
100640,3.536496255157907,19,0,641,2025-11-07T21:50:30.308284
100641,2.7036706320080213,46,0,642,2025-11-07T21:50:30.308284
100642,2.9279191065018115,111,0,643,2025-11-07T21:50:30.308284
100643,2.237896670765951,48,0,644,2025-11-07T21:50:30.308284
100644,3.09066328503313,115,4,645,2025-11-07T21:50:30.308284
100645,2.59067630241795,46,2,646,2025-11-07T21:50:30.308284
100646,3.4050620401834726,59,2,647,2025-11-07T21:50:30.308284
100647,3.21781331788574,46,3,648,2025-11-07T21:50:30.308284
100648,3.374441385684236,13,4,649,2025-11-07T21:50:30.308284
100649,2.2991113314038234,113,2,650,2025-11-07T21:50:30.308284
100650,2.594403633330597,47,0,651,2025-11-07T21:50:30.308284
100651,2.801730756000283,58,7,652,2025-11-07T21:50:30.308284
100652,3.1096782834379577,107,3,653,2025-11-07T21:50:30.308284
100653,3.6539456258042926,116,2,654,2025-11-07T21:50:30.308284
100654,3.001229777360682,11,1,655,2025-11-07T21:50:30.308284
100655,3.476624879016006,113,6,656,2025-11-07T21:50:30.308284
100656,3.022709786295119,100,1,657,2025-11-07T21:50:30.308284
100657,3.9134829749945728,109,4,658,2025-11-07T21:50:30.308284
100658,2.548928252228505,79,0,659,2025-11-07T21:50:30.308284
100659,3.059737543003113,44,1,660,2025-11-07T21:50:30.308284
100660,3.269383914212703,26,3,661,2025-11-07T21:50:30.308284
100661,3.463921124760006,46,2,662,2025-11-07T21:50:30.308284
100662,3.45754005685213,89,2,663,2025-11-07T21:50:30.308284
100663,3.249814402321233,106,0,664,2025-11-07T21:50:30.308284
100664,2.549334355290082,25,3,665,2025-11-07T21:50:30.308284
100665,2.2996135531194812,70,2,666,2025-11-07T21:50:30.308284
100666,3.816661273121545,85,3,667,2025-11-07T21:50:30.308284
100667,3.3658943943728294,110,3,668,2025-11-07T21:50:30.308284
100668,3.8937346300209557,72,2,669,2025-11-07T21:50:30.308284
100669,2.76915705051242,85,4,670,2025-11-07T21:50:30.308284
100670,2.201135972319014,84,1,671,2025-11-07T21:50:30.308284
100671,3.446425504824541,22,1,672,2025-11-07T21:50:30.308284
100672,2.8297785026541744,115,3,673,2025-11-07T21:50:30.308284
100673,3.121328720941304,71,3,674,2025-11-07T21:50:30.308284
100674,3.146604665418525,41,1,675,2025-11-07T21:50:30.308284
100675,2.1317340779844196,108,3,676,2025-11-07T21:50:30.308284
100676,3.536460617648239,15,1,677,2025-11-07T21:50:30.308284
100677,2.8758248519598766,75,4,678,2025-11-07T21:50:30.308284
100678,3.0456866420388575,76,1,679,2025-11-07T21:50:30.308284
100679,3.719118596060373,112,2,680,2025-11-07T21:50:30.308284
100680,2.9252344317025294,79,4,681,2025-11-07T21:50:30.308284
100681,2.6171071561406807,11,2,682,2025-11-07T21:50:30.308284
100682,3.344082899101766,27,3,683,2025-11-07T21:50:30.308284
100683,2.656262184909519,49,0,684,2025-11-07T21:50:30.308284
100684,2.7183622901877427,42,3,685,2025-11-07T21:50:30.308284
100685,2.5471027181391777,107,1,686,2025-11-07T21:50:30.308284
100686,3.0855429117735467,77,2,687,2025-11-07T21:50:30.308284
100687,3.2809465691634476,43,3,688,2025-11-07T21:50:30.308284
100688,3.044434647655553,11,2,689,2025-11-07T21:50:30.308284
100689,3.2170543036308197,47,2,690,2025-11-07T21:50:30.308284
100690,3.2926211102801517,43,2,691,2025-11-07T21:50:30.308284
100691,3.7779615192610443,111,5,692,2025-11-07T21:50:30.308284
100692,3.85680973526987,44,6,693,2025-11-07T21:50:30.308284
100693,2.543006962805554,24,0,694,2025-11-07T21:50:30.308284
100694,3.53719366445131,87,1,695,2025-11-07T21:50:30.308284
100695,3.4826712807748166,44,3,696,2025-11-07T21:50:30.308284
100696,3.411469153091105,14,2,697,2025-11-07T21:50:30.308284
100697,3.262788961781658,107,4,698,2025-11-07T21:50:30.308284
100698,3.906364999697405,101,1,699,2025-11-07T21:50:30.308284
100699,3.826220296482717,76,3,700,2025-11-07T21:50:30.308284
100700,2.24471085772038,27,3,701,2025-11-07T21:50:30.308284
100701,0.13462536125218239,13,3,702,2025-11-07T21:50:30.308284
100702,3.9019560706750607,108,3,703,2025-11-07T21:50:30.308284
100703,2.6786902219049504,73,3,704,2025-11-07T21:50:30.308284
100704,3.8642253959125847,115,3,705,2025-11-07T21:50:30.308284
100705,3.1488268243429456,100,2,706,2025-11-07T21:50:30.308284
100706,3.329701143834989,87,3,707,2025-11-07T21:50:30.308284
100707,2.1343089318215362,40,3,708,2025-11-07T21:50:30.308284
100708,3.502047423345131,84,0,709,2025-11-07T21:50:30.308284
100709,3.3325275615369385,29,3,710,2025-11-07T21:50:30.308284
100710,2.411937094308234,54,6,711,2025-11-07T21:50:30.308284
100711,2.7083698219567403,79,1,712,2025-11-07T21:50:30.308284
100712,3.242382875775465,13,4,713,2025-11-07T21:50:30.308284
100713,3.374515053617701,14,3,714,2025-11-07T21:50:30.308284
100714,3.0661865350762945,27,1,715,2025-11-07T21:50:30.308284
100715,3.652005575469496,75,4,716,2025-11-07T21:50:30.308284
100716,3.195748032703805,73,7,717,2025-11-07T21:50:30.308284
100717,3.0533538325684693,48,7,718,2025-11-07T21:50:30.308284
100718,3.3023398141260554,109,2,719,2025-11-07T21:50:30.308284
100719,3.4080107471858208,105,2,720,2025-11-07T21:50:30.308284
100720,3.0222181605985337,105,3,721,2025-11-07T21:50:30.308284
100721,3.038760342916492,15,2,722,2025-11-07T21:50:30.308284
100722,3.3679002559113767,21,3,723,2025-11-07T21:50:30.308284
100723,2.179467993264441,20,3,724,2025-11-07T21:50:30.308284
100724,2.682653123898584,100,5,725,2025-11-07T21:50:30.308284
100725,3.5544009314799707,118,5,726,2025-11-07T21:50:30.308284
100726,3.733832407726803,102,5,727,2025-11-07T21:50:30.308284
100727,2.729195466738412,71,1,728,2025-11-07T21:50:30.308284
100728,3.7716656940604913,106,2,729,2025-11-07T21:50:30.308284
100729,2.2949019676667293,103,2,730,2025-11-07T21:50:30.308284
100730,3.013620869901689,26,3,731,2025-11-07T21:50:30.308284
100731,3.2538218114243076,10,0,732,2025-11-07T21:50:30.308284
100732,2.404429552966188,16,4,733,2025-11-07T21:50:30.308284
100733,2.370676506545289,46,1,734,2025-11-07T21:50:30.308284
100734,3.0938912048243226,81,5,735,2025-11-07T21:50:30.308284
100735,3.640093345201409,81,3,736,2025-11-07T21:50:30.308284
100736,2.4775393948351985,13,1,737,2025-11-07T21:50:30.308284
100737,3.5223079653375797,90,2,738,2025-11-07T21:50:30.308284
100738,2.9933381750186197,72,2,739,2025-11-07T21:50:30.308284
100739,3.0113141191737336,120,1,740,2025-11-07T21:50:30.308284
100740,2.620888166674003,117,0,741,2025-11-07T21:50:30.308284
100741,3.8855522802268485,48,3,742,2025-11-07T21:50:30.308284
100742,3.9106997333451283,72,3,743,2025-11-07T21:50:30.308284
100743,3.165393294522913,15,1,744,2025-11-07T21:50:30.308284
100744,3.1432340223922997,72,2,745,2025-11-07T21:50:30.308284
100745,3.297445631438254,105,3,746,2025-11-07T21:50:30.308284
100746,3.3724054936633285,19,3,747,2025-11-07T21:50:30.308284
100747,3.3440406755694956,41,0,748,2025-11-07T21:50:30.308284
100748,3.7006517545869184,103,2,749,2025-11-07T21:50:30.308284
100749,3.863362708921323,15,1,750,2025-11-07T21:50:30.308284
100750,3.252531229072255,25,2,751,2025-11-07T21:50:30.308284
100751,3.6180838364117576,26,1,752,2025-11-07T21:50:30.308284
100752,2.932391522254485,15,3,753,2025-11-07T21:50:30.308284
100753,3.4600522025665557,82,0,754,2025-11-07T21:50:30.308284
100754,2.8147397694195755,42,1,755,2025-11-07T21:50:30.308284
100755,3.168369463216103,88,4,756,2025-11-07T21:50:30.308284
100756,1.4870688787267539,16,5,757,2025-11-07T21:50:30.308284
100757,2.448879492220613,85,2,758,2025-11-07T21:50:30.308284
100758,3.291249957803201,11,1,759,2025-11-07T21:50:30.308284
100759,3.7045874314185623,43,4,760,2025-11-07T21:50:30.308284
100760,0.8038644137737223,17,7,761,2025-11-07T21:50:30.308284
100761,3.420570492858554,100,1,762,2025-11-07T21:50:30.308284
100762,2.878751809378899,74,3,763,2025-11-07T21:50:30.308284
100763,3.4363945475283453,42,2,764,2025-11-07T21:50:30.308284
100764,3.364966700950963,26,1,765,2025-11-07T21:50:30.308284
100765,3.542107941477173,112,3,766,2025-11-07T21:50:30.308284
100766,0.5382359117294238,86,1,767,2025-11-07T21:50:30.308284
100767,3.1678636995184855,10,3,768,2025-11-07T21:50:30.308284
100768,3.924948333245735,13,0,769,2025-11-07T21:50:30.308284
100769,2.756929984743898,55,4,770,2025-11-07T21:50:30.308284
100770,3.842206880693307,115,2,771,2025-11-07T21:50:30.308284
100771,3.371215968963109,27,2,772,2025-11-07T21:50:30.308284
100772,3.9036918014929327,28,5,773,2025-11-07T21:50:30.308284
100773,3.7232004804045693,116,4,774,2025-11-07T21:50:30.308284
100774,3.0254600029222534,104,3,775,2025-11-07T21:50:30.308284
100775,3.2847464459319307,85,4,776,2025-11-07T21:50:30.308284
100776,2.626492676333676,82,2,777,2025-11-07T21:50:30.308284
100777,1.6625896953718462,88,3,778,2025-11-07T21:50:30.308284
100778,3.4177069836984493,58,1,779,2025-11-07T21:50:30.308284
100779,2.4575641209026773,106,3,780,2025-11-07T21:50:30.308284
100780,3.394494813027748,74,4,781,2025-11-07T21:50:30.308284
100781,3.152868177809473,104,2,782,2025-11-07T21:50:30.308284
100782,2.5155243216066925,102,3,783,2025-11-07T21:50:30.308284
100783,2.2731905857205477,57,3,784,2025-11-07T21:50:30.308284
100784,2.8694873503895013,87,3,785,2025-11-07T21:50:30.308284
100785,2.7286407458076867,23,4,786,2025-11-07T21:50:30.308284
100786,2.8864221067426903,72,1,787,2025-11-07T21:50:30.308284
100787,3.620331656026819,47,5,788,2025-11-07T21:50:30.308284
100788,2.5975334683789346,110,5,789,2025-11-07T21:50:30.308284
100789,3.272523668997451,115,4,790,2025-11-07T21:50:30.308284
100790,3.486804536116317,72,3,791,2025-11-07T21:50:30.308284
100791,3.721530907912918,27,4,792,2025-11-07T21:50:30.308284
100792,2.218101009644694,53,8,793,2025-11-07T21:50:30.308284
100793,3.6849222140212383,52,4,794,2025-11-07T21:50:30.308284
100794,3.778837656747,85,3,795,2025-11-07T21:50:30.308284
100795,3.4150617006252357,19,2,796,2025-11-07T21:50:30.308284
100796,3.476139134912061,100,4,797,2025-11-07T21:50:30.308284
100797,3.0710111990032574,24,3,798,2025-11-07T21:50:30.308284
100798,3.098931404985053,26,1,799,2025-11-07T21:50:30.308284
100799,3.3102872164780477,101,2,800,2025-11-07T21:50:30.308284
100800,3.4242904525229236,76,2,801,2025-11-07T21:50:30.308284
100801,3.8158412481532773,70,2,802,2025-11-07T21:50:30.308284
100802,3.112668736012361,46,1,803,2025-11-07T21:50:30.308284
100803,3.819252742070354,71,4,804,2025-11-07T21:50:30.308284
100804,3.3570997629100408,58,1,805,2025-11-07T21:50:30.308284
100805,2.816243456441263,111,3,806,2025-11-07T21:50:30.308284
100806,3.8890113014125505,45,0,807,2025-11-07T21:50:30.308284
100807,3.286530256919094,52,5,808,2025-11-07T21:50:30.308284
100808,3.673865811854797,109,4,809,2025-11-07T21:50:30.308284
100809,3.7784806887295708,71,0,810,2025-11-07T21:50:30.308284
100810,3.1790010838136493,11,1,811,2025-11-07T21:50:30.308284
100811,3.4537068466784566,71,1,812,2025-11-07T21:50:30.308284
100812,2.919957888309282,74,2,813,2025-11-07T21:50:30.308284
100813,3.0314930122654764,13,3,814,2025-11-07T21:50:30.308284
100814,2.6494681580664112,114,2,815,2025-11-07T21:50:30.308284
100815,1.631277283951891,75,3,816,2025-11-07T21:50:30.308284
100816,3.5140344700813038,20,2,817,2025-11-07T21:50:30.308284
100817,3.1788136934920135,82,4,818,2025-11-07T21:50:30.308284
100818,3.0410660697063188,79,2,819,2025-11-07T21:50:30.308284
100819,2.7499984013003633,14,1,820,2025-11-07T21:50:30.308284
100820,2.4217217492266387,19,1,821,2025-11-07T21:50:30.308284
100821,3.5197024352948776,43,4,822,2025-11-07T21:50:30.308284
100822,3.8488476797443614,58,2,823,2025-11-07T21:50:30.308284
100823,3.27553378949639,109,2,824,2025-11-07T21:50:30.308284
100824,3.926892852012666,105,2,825,2025-11-07T21:50:30.308284
100825,3.040640930331216,77,2,826,2025-11-07T21:50:30.308284
100826,3.2741082601187093,88,1,827,2025-11-07T21:50:30.308284
100827,3.903364564625333,12,5,828,2025-11-07T21:50:30.308284
100828,2.837251512266902,120,2,829,2025-11-07T21:50:30.308284
100829,2.9327078852282806,82,3,830,2025-11-07T21:50:30.308284
100830,1.3147315154745782,41,4,831,2025-11-07T21:50:30.308284
100831,3.9059788063849163,89,0,832,2025-11-07T21:50:30.308284
100832,3.36060533977403,90,3,833,2025-11-07T21:50:30.308284
100833,3.0319232244501895,83,1,834,2025-11-07T21:50:30.308284
100834,3.923709065356467,17,3,835,2025-11-07T21:50:30.308284
100835,3.8625873869949507,85,1,836,2025-11-07T21:50:30.308284
100836,3.4264418172175164,26,2,837,2025-11-07T21:50:30.308284
100837,2.7893426375863886,49,0,838,2025-11-07T21:50:30.308284
100838,2.6719466274833903,105,3,839,2025-11-07T21:50:30.308284
100839,1.262131588259324,56,1,840,2025-11-07T21:50:30.308284
100840,3.7825343712513164,102,1,841,2025-11-07T21:50:30.308284
100841,1.0458160424906875,26,3,842,2025-11-07T21:50:30.308284
100842,3.009495251299052,85,3,843,2025-11-07T21:50:30.308284
100843,2.359109005313102,57,3,844,2025-11-07T21:50:30.308284
100844,3.1967886585806253,109,2,845,2025-11-07T21:50:30.308284
100845,3.5010214392733547,72,1,846,2025-11-07T21:50:30.308284
100846,3.93741604811345,22,0,847,2025-11-07T21:50:30.308284
100847,3.393085815307345,71,1,848,2025-11-07T21:50:30.308284
100848,3.0592366477510677,79,2,849,2025-11-07T21:50:30.308284
100849,3.372732569462768,23,3,850,2025-11-07T21:50:30.308284
100850,3.3760767643482086,89,0,851,2025-11-07T21:50:30.308284
100851,3.498791399094334,79,0,852,2025-11-07T21:50:30.308284
100852,3.5900454599288434,90,0,853,2025-11-07T21:50:30.308284
100853,0.6953706957493249,89,0,854,2025-11-07T21:50:30.308284
100854,2.597136751215462,120,0,855,2025-11-07T21:50:30.308284
100855,2.952983205312022,100,1,856,2025-11-07T21:50:30.308284
100856,3.337530631749768,48,1,857,2025-11-07T21:50:30.308284
100857,2.348523520508849,24,0,858,2025-11-07T21:50:30.308284
100858,2.7101709025909866,14,2,859,2025-11-07T21:50:30.308284
100859,3.445464771134123,26,2,860,2025-11-07T21:50:30.308284
100860,2.627227594520938,59,2,861,2025-11-07T21:50:30.308284
100861,2.9782706675431214,48,2,862,2025-11-07T21:50:30.308284
100862,3.3027350954167543,107,1,863,2025-11-07T21:50:30.308284
100863,3.5244578206384545,72,3,864,2025-11-07T21:50:30.308284
100864,3.363776243274254,110,1,865,2025-11-07T21:50:30.308284
100865,3.2670035382854428,118,0,866,2025-11-07T21:50:30.308284
100866,3.2359866195762663,109,0,867,2025-11-07T21:50:30.308284
100867,1.2797800530924806,13,7,868,2025-11-07T21:50:30.308284
100868,3.469950118012929,25,1,869,2025-11-07T21:50:30.308284
100869,3.5434580404677507,85,5,870,2025-11-07T21:50:30.308284
100870,3.0968585414990146,82,3,871,2025-11-07T21:50:30.308284
100871,3.7691224186364005,87,3,872,2025-11-07T21:50:30.308284
100872,3.149679581969626,86,4,873,2025-11-07T21:50:30.308284
100873,3.2744146998023838,48,1,874,2025-11-07T21:50:30.308284
100874,0.8300604980927009,80,2,875,2025-11-07T21:50:30.308284
100875,3.6315670627938177,59,4,876,2025-11-07T21:50:30.308284
100876,3.3227851281487837,22,3,877,2025-11-07T21:50:30.308284
100877,2.6247282671354863,13,1,878,2025-11-07T21:50:30.308284
100878,3.5820512958641975,88,4,879,2025-11-07T21:50:30.308284
100879,3.440812417547479,106,3,880,2025-11-07T21:50:30.308284
100880,2.3712141218285043,84,3,881,2025-11-07T21:50:30.308284
100881,3.5931654212274204,41,2,882,2025-11-07T21:50:30.308284
100882,3.4598966740944346,111,3,883,2025-11-07T21:50:30.308284
100883,2.7970305764137784,116,3,884,2025-11-07T21:50:30.308284
100884,3.4702402299363797,78,0,885,2025-11-07T21:50:30.308284
100885,3.6484520825933893,29,4,886,2025-11-07T21:50:30.308284
100886,2.7645792565316283,40,0,887,2025-11-07T21:50:30.308284
100887,3.462120127690785,45,2,888,2025-11-07T21:50:30.308284
100888,3.1735290791834765,84,5,889,2025-11-07T21:50:30.308284
100889,3.5023035042727244,27,3,890,2025-11-07T21:50:30.308284
100890,2.4228646597097074,117,0,891,2025-11-07T21:50:30.308284
100891,3.133055926147117,52,4,892,2025-11-07T21:50:30.308284
100892,3.4596855186200095,80,0,893,2025-11-07T21:50:30.308284
100893,0.696424579063011,79,5,894,2025-11-07T21:50:30.308284
100894,3.853390373430091,17,5,895,2025-11-07T21:50:30.308284
100895,3.776808590352727,44,2,896,2025-11-07T21:50:30.308284
100896,3.1850105091686465,29,2,897,2025-11-07T21:50:30.308284
100897,2.0782487145222515,115,0,898,2025-11-07T21:50:30.308284
100898,2.8259549268183712,28,3,899,2025-11-07T21:50:30.308284
100899,2.9532478395800754,56,5,900,2025-11-07T21:50:30.308284
100900,3.242630114822001,89,0,901,2025-11-07T21:50:30.308284
100901,2.745193327011471,43,1,902,2025-11-07T21:50:30.308284
100902,2.7523844951627456,57,2,903,2025-11-07T21:50:30.308284
100903,3.138024925175287,103,3,904,2025-11-07T21:50:30.308284
100904,2.799219936717752,11,2,905,2025-11-07T21:50:30.308284
100905,3.1372178971356903,43,1,906,2025-11-07T21:50:30.308284
100906,3.4485191573348106,70,3,907,2025-11-07T21:50:30.308284
100907,2.0677324676065063,117,0,908,2025-11-07T21:50:30.308284
100908,3.386845318515231,24,3,909,2025-11-07T21:50:30.308284
100909,2.9598779856363047,106,1,910,2025-11-07T21:50:30.308284
100910,2.517896282935775,78,4,911,2025-11-07T21:50:30.308284
100911,3.334421617616893,52,1,912,2025-11-07T21:50:30.308284
100912,3.617129692567687,117,0,913,2025-11-07T21:50:30.308284
100913,2.7934735030969264,105,5,914,2025-11-07T21:50:30.308284
100914,2.997201724204943,80,1,915,2025-11-07T21:50:30.308284
100915,3.6706753153582383,45,1,916,2025-11-07T21:50:30.308284
100916,3.3470720294506107,27,1,917,2025-11-07T21:50:30.308284
100917,2.9385992550703013,47,2,918,2025-11-07T21:50:30.308284
100918,3.354778314337595,46,4,919,2025-11-07T21:50:30.308284
100919,3.0696084674594353,118,3,920,2025-11-07T21:50:30.308284
100920,2.3855224843762595,53,4,921,2025-11-07T21:50:30.308284
100921,3.632793722917961,110,1,922,2025-11-07T21:50:30.308284
100922,2.9710699443067528,48,3,923,2025-11-07T21:50:30.308284
100923,3.1131893487672753,109,2,924,2025-11-07T21:50:30.308284
100924,3.4184398348774683,118,2,925,2025-11-07T21:50:30.308284
100925,2.251055739626925,88,3,926,2025-11-07T21:50:30.308284
100926,3.0202942228110947,44,5,927,2025-11-07T21:50:30.308284
100927,3.1943739439061836,26,3,928,2025-11-07T21:50:30.308284
100928,3.1497692894800706,118,2,929,2025-11-07T21:50:30.308284
100929,2.843972977475298,29,1,930,2025-11-07T21:50:30.308284
100930,2.52419026761125,81,4,931,2025-11-07T21:50:30.308284
100931,2.0506575304212875,111,3,932,2025-11-07T21:50:30.308284
100932,2.5436364223221966,52,2,933,2025-11-07T21:50:30.308284
100933,3.224624175263083,110,2,934,2025-11-07T21:50:30.308284
100934,3.463661725444997,16,3,935,2025-11-07T21:50:30.308284
100935,3.056149902881528,45,3,936,2025-11-07T21:50:30.308284
100936,2.269072913399664,101,1,937,2025-11-07T21:50:30.308284
100937,3.3341649581456774,110,2,938,2025-11-07T21:50:30.308284
100938,2.2753640892645035,108,2,939,2025-11-07T21:50:30.308284
100939,3.1453471904747357,117,0,940,2025-11-07T21:50:30.308284
100940,2.5705323977888668,20,1,941,2025-11-07T21:50:30.308284
100941,2.850659657166715,11,1,942,2025-11-07T21:50:30.308284
100942,3.4801369293037068,119,1,943,2025-11-07T21:50:30.308284
100943,3.689175278203456,53,3,944,2025-11-07T21:50:30.308284
100944,3.3521122376979404,45,3,945,2025-11-07T21:50:30.308284
100945,2.8695309741061026,76,0,946,2025-11-07T21:50:30.308284
100946,3.4838174445611187,104,1,947,2025-11-07T21:50:30.308284
100947,2.726093453425289,111,1,948,2025-11-07T21:50:30.308284
100948,3.3943577211533844,113,9,949,2025-11-07T21:50:30.308284
100949,3.996204663048339,11,3,950,2025-11-07T21:50:30.308284
100950,2.9355659984882916,41,7,951,2025-11-07T21:50:30.308284
100951,2.562104690651425,76,5,952,2025-11-07T21:50:30.308284
100952,3.4070621159927272,90,2,953,2025-11-07T21:50:30.308284
100953,3.0158822452279,75,3,954,2025-11-07T21:50:30.308284
100954,3.8713059042548443,111,1,955,2025-11-07T21:50:30.308284
100955,3.1410707498297508,100,3,956,2025-11-07T21:50:30.308284
100956,3.240715091442513,23,0,957,2025-11-07T21:50:30.308284
100957,2.9452497745244917,119,3,958,2025-11-07T21:50:30.308284
100958,2.594725267681274,85,0,959,2025-11-07T21:50:30.308284
100959,3.0498189706485705,100,2,960,2025-11-07T21:50:30.308284
100960,3.4746948301142817,30,4,961,2025-11-07T21:50:30.308284
100961,2.502152739313253,116,3,962,2025-11-07T21:50:30.308284
100962,3.337472629519341,77,0,963,2025-11-07T21:50:30.308284
100963,3.327031734174973,116,1,964,2025-11-07T21:50:30.308284
100964,2.4252168390749604,25,4,965,2025-11-07T21:50:30.308284
100965,3.387735562420418,25,2,966,2025-11-07T21:50:30.308284
100966,3.8704657141023997,117,2,967,2025-11-07T21:50:30.308284
100967,3.8683708520493165,83,3,968,2025-11-07T21:50:30.308284
100968,0.3080719230475448,108,1,969,2025-11-07T21:50:30.308284
100969,3.5689565868369915,48,5,970,2025-11-07T21:50:30.308284
100970,2.447195726484803,60,3,971,2025-11-07T21:50:30.308284
100971,3.7572997566058004,41,3,972,2025-11-07T21:50:30.308284
100972,2.927368051746919,88,5,973,2025-11-07T21:50:30.308284
100973,3.101834699959003,14,1,974,2025-11-07T21:50:30.308284
100974,2.5427427473364435,87,3,975,2025-11-07T21:50:30.308284
100975,3.103436314708027,13,0,976,2025-11-07T21:50:30.308284
100976,2.7856763816948953,45,3,977,2025-11-07T21:50:30.308284
100977,0.4220515936456397,85,4,978,2025-11-07T21:50:30.308284
100978,3.8173414912003434,10,0,979,2025-11-07T21:50:30.308284
100979,0.9398200982036629,102,2,980,2025-11-07T21:50:30.308284
100980,2.9276815910213076,119,1,981,2025-11-07T21:50:30.308284
100981,3.1429563179205537,10,4,982,2025-11-07T21:50:30.308284
100982,3.323272802020959,44,2,983,2025-11-07T21:50:30.308284
100983,3.7476057564063097,119,4,984,2025-11-07T21:50:30.308284
100984,2.712919547034251,102,2,985,2025-11-07T21:50:30.308284
100985,2.282091999585555,53,2,986,2025-11-07T21:50:30.308284
100986,2.7313875386645345,45,2,987,2025-11-07T21:50:30.308284
100987,2.8887859423165843,120,2,988,2025-11-07T21:50:30.308284
100988,2.004289589000976,18,1,989,2025-11-07T21:50:30.308284
100989,3.3210891146423367,84,3,990,2025-11-07T21:50:30.308284
100990,3.2182301002884626,113,2,991,2025-11-07T21:50:30.308284
100991,3.4383142714016155,74,2,992,2025-11-07T21:50:30.308284
100992,2.9863355524150053,111,3,993,2025-11-07T21:50:30.308284
100993,3.564190803559562,118,1,994,2025-11-07T21:50:30.308284
100994,2.53216184344773,54,4,995,2025-11-07T21:50:30.308284
100995,2.3799342940875303,52,2,996,2025-11-07T21:50:30.308284
100996,2.8135496264663455,112,1,997,2025-11-07T21:50:30.308284
100997,3.6505877190454146,73,2,998,2025-11-07T21:50:30.308284
999990,3.474969176757131,81,7,999,2025-11-07T21:50:30.308284
999991,3.441058425124079,45,5,1000,2025-11-07T21:50:30.308284
