enrollment_id,student_id,course_id,term_id,grade
1,1000,119,1,2.9
2,1000,116,1,0.0
3,1000,113,1,1.0
4,1000,115,1,0.1
5,1000,108,2,3.9
6,1000,120,2,2.4
7,1000,119,2,2.4
8,1000,101,2,1.7
9,1000,110,2,1.8
10,1000,118,3,0.8
11,1000,105,3,IP
12,1000,107,3,2.9
13,1000,115,4,2.3
14,1000,111,4,3.5
15,1000,105,4,3.3
16,1000,120,4,0.2
17,1000,102,4,3.4
18,1001,110,1,3.9
19,1001,113,1,0.5
20,1001,108,1,1.0
21,1001,107,1,0.7
22,1001,109,2,0.4
23,1001,115,2,2.8
24,1001,101,2,2.2
25,1001,108,3,3.2
26,1001,112,3,1.7
27,1001,106,3,0.5
28,1001,114,3,IP
29,1001,101,3,3.3
30,1001,113,4,0.2
31,1001,106,4,2.8
32,1001,120,4,1.9
33,1002,110,1,0.8
34,1002,104,1,1.6
35,1002,101,1,IP
36,1002,110,2,1.9
37,1002,116,2,0.5
38,1002,112,2,0.5
39,1002,118,2,1.3
40,1002,103,2,2.1
41,1002,119,3,1.8
42,1002,112,3,2.0
43,1002,103,3,1.2
44,1002,110,3,0.8
45,1002,104,3,1.4
46,1002,112,4,1.6
47,1002,110,4,IP
48,1002,118,4,2.7
49,1003,111,1,3.2
50,1003,108,1,3.9
51,1003,112,1,1.1
52,1003,104,1,0.7
53,1003,111,2,1.8
54,1003,109,2,1.3
55,1003,105,2,0.6
56,1003,101,3,3.0
57,1003,113,3,1.8
58,1003,116,3,3.7
59,1003,105,4,3.9
60,1003,101,4,2.0
61,1003,111,4,1.1
62,1003,103,4,3.9
63,1004,108,1,0.5
64,1004,119,1,1.9
65,1004,116,1,3.6
66,1004,112,2,IP
67,1004,106,2,0.5
68,1004,111,2,1.7
69,1004,103,3,0.7
70,1004,108,3,3.3
71,1004,107,3,2.4
72,1004,106,3,3.9
73,1004,110,3,2.5
74,1004,101,4,3.2
75,1004,109,4,2.9
76,1004,106,4,2.9
77,1005,106,1,2.3
78,1005,102,1,2.5
79,1005,119,1,3.2
80,1005,103,1,0.1
81,1005,107,1,3.2
82,1005,115,2,3.5
83,1005,119,2,1.9
84,1005,114,2,2.9
85,1005,113,2,2.9
86,1005,102,3,IP
87,1005,101,3,IP
88,1005,103,3,3.1
89,1005,109,3,3.0
90,1005,111,4,0.2
91,1005,119,4,2.3
92,1005,104,4,1.6
93,1005,116,4,3.2
94,1006,117,1,2.5
95,1006,102,1,1.7
96,1006,111,1,0.3
97,1006,105,1,1.4
98,1006,114,1,0.3
99,1006,103,2,2.8
100,1006,115,2,1.2
101,1006,109,2,IP
102,1006,115,3,2.7
103,1006,117,3,1.4
104,1006,110,3,0.6
105,1006,116,3,2.9
106,1006,105,3,1.2
107,1006,109,4,1.8
108,1006,116,4,1.0
109,1006,108,4,3.1
110,1006,114,4,0.9
111,1007,102,1,2.8
112,1007,118,1,0.9
113,1007,109,1,0.9
114,1007,114,1,2.9
115,1007,102,2,1.0
116,1007,104,2,IP
117,1007,112,2,IP
118,1007,119,2,1.3
119,1007,115,3,1.7
120,1007,112,3,3.1
121,1007,110,3,1.1
122,1007,118,4,1.5
123,1007,108,4,IP
124,1007,111,4,0.6
125,1008,111,1,1.0
126,1008,103,1,0.6
127,1008,109,1,IP
128,1008,119,2,0.7
129,1008,106,2,2.9
130,1008,104,2,2.8
131,1008,116,2,2.1
132,1008,118,3,0.9
133,1008,113,3,IP
134,1008,107,3,2.5
135,1008,119,3,2.1
136,1008,104,4,3.3
137,1008,116,4,1.7
138,1008,103,4,3.5
139,1009,116,1,2.4
140,1009,104,1,1.4
141,1009,117,1,2.9
142,1009,102,2,1.0
143,1009,105,2,3.6
144,1009,108,2,0.7
145,1009,101,2,IP
146,1009,107,2,0.3
147,1009,110,3,3.3
148,1009,115,3,IP
149,1009,104,3,0.1
150,1009,102,4,3.2
151,1009,110,4,3.3
152,1009,111,4,0.8
153,1010,109,1,IP
154,1010,110,1,1.9
155,1010,117,1,1.9
156,1010,113,1,0.3
157,1010,118,1,3.4
158,1010,102,2,3.4
159,1010,113,2,2.9
160,1010,119,2,3.2
161,1010,110,2,0.4
162,1010,115,2,2.7
163,1010,107,3,0.9
164,1010,104,3,0.6
165,1010,120,3,3.7
166,1010,102,4,2.0
167,1010,110,4,3.6
168,1010,109,4,2.7
169,1010,111,4,3.9
170,1011,119,1,0.6
171,1011,108,1,2.8
172,1011,116,1,3.7
173,1011,103,2,0.7
174,1011,114,2,1.5
175,1011,108,2,1.6
176,1011,102,3,0.7
177,1011,118,3,2.4
178,1011,119,3,3.4
179,1011,109,3,1.8
180,1011,103,3,1.6
181,1011,115,4,2.8
182,1011,105,4,1.7
183,1011,113,4,3.5
184,1012,120,1,2.5
185,1012,101,1,4.0
186,1012,119,1,1.6
187,1012,111,1,1.0
188,1012,118,1,2.3
189,1012,106,2,0.1
190,1012,108,2,3.6
191,1012,101,2,3.1
192,1012,110,2,2.1
193,1012,105,3,0.9
194,1012,101,3,0.5
195,1012,110,3,0.1
196,1012,103,3,0.8
197,1012,111,4,2.2
198,1012,102,4,0.9
199,1012,112,4,1.6
200,1012,106,4,IP
201,1013,103,1,2.8
202,1013,104,1,0.4
203,1013,114,1,0.5
204,1013,115,1,1.4
205,1013,112,1,1.9
206,1013,105,2,2.0
207,1013,120,2,3.7
208,1013,118,2,0.1
209,1013,101,2,2.8
210,1013,105,3,IP
211,1013,101,3,2.6
212,1013,108,3,0.7
213,1013,103,3,0.8
214,1013,114,4,IP
215,1013,119,4,IP
216,1013,118,4,0.5
217,1013,115,4,0.9
218,1013,101,4,2.5
219,1014,112,1,3.7
220,1014,118,1,2.8
221,1014,108,1,1.1
222,1014,120,2,0.6
223,1014,104,2,2.7
224,1014,114,2,1.2
225,1014,118,2,IP
226,1014,111,2,0.8
227,1014,107,3,0.2
228,1014,102,3,3.2
229,1014,103,3,1.1
230,1014,111,3,2.1
231,1014,109,3,2.3
232,1014,111,4,1.2
233,1014,102,4,1.0
234,1014,116,4,2.1
235,1014,112,4,2.1
236,1015,118,1,1.2
237,1015,101,1,2.7
238,1015,107,1,0.8
239,1015,120,1,IP
240,1015,120,2,3.1
241,1015,106,2,3.4
242,1015,105,2,IP
243,1015,115,2,2.6
244,1015,104,3,1.0
245,1015,113,3,2.6
246,1015,115,3,2.6
247,1015,107,3,IP
248,1015,114,4,2.3
249,1015,104,4,0.6
250,1015,112,4,3.2
251,1016,120,1,1.5
252,1016,102,1,2.0
253,1016,113,1,1.4
254,1016,109,1,0.9
255,1016,117,1,3.6
256,1016,102,2,3.5
257,1016,108,2,0.8
258,1016,110,2,0.4
259,1016,116,3,3.1
260,1016,103,3,3.1
261,1016,105,3,2.0
262,1016,116,4,2.4
263,1016,105,4,0.6
264,1016,120,4,1.9
265,1017,118,1,0.4
266,1017,110,1,1.1
267,1017,106,1,2.9
268,1017,109,1,2.5
269,1017,114,2,0.4
270,1017,118,2,2.6
271,1017,116,2,2.1
272,1017,115,3,IP
273,1017,118,3,1.0
274,1017,120,3,2.4
275,1017,114,4,IP
276,1017,120,4,2.3
277,1017,110,4,3.9
278,1018,120,1,2.3
279,1018,104,1,2.6
280,1018,111,1,2.5
281,1018,101,1,IP
282,1018,101,2,2.3
283,1018,118,2,1.1
284,1018,104,2,0.3
285,1018,114,2,IP
286,1018,105,3,2.3
287,1018,101,3,3.8
288,1018,109,3,3.5
289,1018,118,3,2.3
290,1018,117,4,1.4
291,1018,106,4,3.5
292,1018,115,4,2.6
293,1018,103,4,2.9
294,1019,106,1,1.8
295,1019,109,1,3.1
296,1019,101,1,3.4
297,1019,110,2,1.0
298,1019,119,2,2.2
299,1019,109,2,1.8
300,1019,102,2,3.3
301,1019,106,3,IP
302,1019,105,3,0.3
303,1019,102,3,2.7
304,1019,119,3,1.5
305,1019,113,4,2.8
306,1019,119,4,1.0
307,1019,110,4,0.5
308,1019,103,4,1.2
309,1019,114,4,2.4
310,1020,116,1,2.1
311,1020,111,1,2.3
312,1020,119,1,0.4
313,1020,120,1,2.3
314,1020,109,2,2.5
315,1020,119,2,0.5
316,1020,112,2,3.5
317,1020,113,2,1.9
318,1020,101,2,0.6
319,1020,101,3,0.7
320,1020,112,3,0.1
321,1020,118,3,0.6
322,1020,104,3,3.1
323,1020,116,3,0.5
324,1020,120,4,1.0
325,1020,106,4,2.2
326,1020,103,4,3.1
327,1021,116,1,1.9
328,1021,111,1,3.4
329,1021,112,1,1.2
330,1021,102,1,0.4
331,1021,103,1,1.6
332,1021,107,2,0.6
333,1021,120,2,IP
334,1021,118,2,3.9
335,1021,110,2,IP
336,1021,112,2,IP
337,1021,112,3,1.9
338,1021,120,3,IP
339,1021,117,3,0.1
340,1021,107,3,2.3
341,1021,116,3,3.2
342,1021,113,4,2.3
343,1021,119,4,0.4
344,1021,120,4,2.5
345,1021,111,4,2.2
346,1021,106,4,2.4
347,1022,103,1,3.6
348,1022,102,1,1.5
349,1022,112,1,2.7
350,1022,102,2,3.8
351,1022,109,2,2.0
352,1022,114,2,3.6
353,1022,108,2,2.0
354,1022,115,3,3.9
355,1022,107,3,3.9
356,1022,114,3,3.5
357,1022,106,4,3.9
358,1022,114,4,3.2
359,1022,118,4,IP
360,1023,119,1,2.0
361,1023,118,1,0.4
362,1023,110,1,IP
363,1023,108,1,3.6
364,1023,113,1,IP
365,1023,104,2,0.2
366,1023,113,2,2.6
367,1023,105,2,1.6
368,1023,112,2,2.1
369,1023,113,3,3.2
370,1023,102,3,0.2
371,1023,120,3,1.4
372,1023,112,3,0.2
373,1023,109,4,2.0
374,1023,106,4,2.8
375,1023,104,4,0.6
376,1023,120,4,3.3
377,1023,118,4,3.1
378,1024,102,1,3.4
379,1024,118,1,0.3
380,1024,115,1,2.2
381,1024,105,1,0.8
382,1024,112,2,3.6
383,1024,106,2,0.4
384,1024,109,2,3.2
385,1024,115,2,1.9
386,1024,103,2,3.1
387,1024,119,3,0.0
388,1024,118,3,IP
389,1024,108,3,0.5
390,1024,108,4,2.8
391,1024,114,4,0.8
392,1024,110,4,1.0
393,1024,101,4,1.7
394,1025,109,1,1.2
395,1025,119,1,0.8
396,1025,115,1,2.0
397,1025,110,1,3.4
398,1025,101,1,3.7
399,1025,113,2,2.7
400,1025,114,2,0.4
401,1025,109,2,3.3
402,1025,114,3,2.3
403,1025,117,3,3.2
404,1025,106,3,0.9
405,1025,108,3,1.9
406,1025,105,3,3.6
407,1025,110,4,3.4
408,1025,119,4,1.0
409,1025,113,4,0.6
410,1025,101,4,0.4
411,1025,107,4,3.9
412,1026,120,1,IP
413,1026,115,1,IP
414,1026,117,1,1.7
415,1026,101,1,2.9
416,1026,108,1,1.3
417,1026,101,2,0.6
418,1026,111,2,2.8
419,1026,104,2,3.2
420,1026,120,2,3.2
421,1026,106,3,1.8
422,1026,115,3,0.5
423,1026,102,3,3.3
424,1026,115,4,3.3
425,1026,111,4,2.4
426,1026,107,4,0.9
427,1026,109,4,2.6
428,1027,103,1,2.2
429,1027,113,1,2.8
430,1027,105,1,0.5
431,1027,106,1,1.3
432,1027,109,1,2.8
433,1027,119,2,3.0
434,1027,112,2,0.4
435,1027,107,2,2.4
436,1027,113,2,0.7
437,1027,117,3,3.4
438,1027,111,3,1.2
439,1027,120,3,1.9
440,1027,113,4,1.6
441,1027,103,4,2.0
442,1027,106,4,3.7
443,1027,111,4,0.6
444,1028,114,1,0.5
445,1028,115,1,2.1
446,1028,108,1,2.3
447,1028,112,1,0.2
448,1028,106,2,2.4
449,1028,113,2,3.9
450,1028,108,2,1.9
451,1028,115,3,1.7
452,1028,106,3,2.0
453,1028,104,3,IP
454,1028,109,3,2.2
455,1028,111,4,1.6
456,1028,119,4,0.6
457,1028,104,4,2.6
458,1028,116,4,1.5
459,1029,111,1,1.0
460,1029,108,1,1.4
461,1029,110,1,2.0
462,1029,114,2,IP
463,1029,119,2,1.2
464,1029,102,2,3.2
465,1029,104,2,2.2
466,1029,105,3,1.1
467,1029,106,3,2.5
468,1029,101,3,0.9
469,1029,102,3,1.6
470,1029,117,4,2.7
471,1029,118,4,0.7
472,1029,119,4,0.6
473,1029,105,4,1.4
474,1030,113,1,2.8
475,1030,105,1,0.2
476,1030,102,1,0.4
477,1030,103,2,1.4
478,1030,118,2,3.0
479,1030,108,2,1.5
480,1030,111,2,1.5
481,1030,109,3,0.6
482,1030,116,3,0.4
483,1030,113,3,1.0
484,1030,112,3,IP
485,1030,107,3,3.6
486,1030,110,4,2.9
487,1030,103,4,3.3
488,1030,107,4,2.5
489,1030,116,4,1.2
490,1030,111,4,2.8
491,1031,101,1,3.4
492,1031,106,1,3.9
493,1031,111,1,0.7
494,1031,114,2,0.5
495,1031,117,2,0.0
496,1031,112,2,0.7
497,1031,103,2,3.8
498,1031,120,2,IP
499,1031,101,3,3.0
500,1031,109,3,2.9
501,1031,103,3,1.8
502,1031,101,4,1.5
503,1031,119,4,IP
504,1031,107,4,IP
505,1031,111,4,0.8
506,1031,106,4,1.2
507,1032,112,1,3.1
508,1032,117,1,1.9
509,1032,110,1,2.7
510,1032,108,1,3.4
511,1032,103,1,1.5
512,1032,112,2,3.2
513,1032,109,2,0.5
514,1032,102,2,2.2
515,1032,102,3,2.2
516,1032,114,3,1.0
517,1032,120,3,2.9
518,1032,117,3,2.0
519,1032,105,3,2.8
520,1032,115,4,3.7
521,1032,107,4,IP
522,1032,103,4,IP
523,1032,116,4,1.3
524,1033,107,1,0.0
525,1033,115,1,0.7
526,1033,102,1,IP
527,1033,110,1,1.3
528,1033,103,2,3.0
529,1033,108,2,1.6
530,1033,114,2,3.5
531,1033,115,3,1.2
532,1033,102,3,0.9
533,1033,111,3,1.8
534,1033,104,4,2.6
535,1033,106,4,3.0
536,1033,117,4,1.0
537,1034,102,1,1.2
538,1034,118,1,3.9
539,1034,116,1,0.1
540,1034,102,2,1.4
541,1034,110,2,0.4
542,1034,104,2,0.1
543,1034,109,2,0.5
544,1034,115,2,3.0
545,1034,110,3,2.0
546,1034,109,3,1.2
547,1034,112,3,0.9
548,1034,116,3,0.7
549,1034,113,4,IP
550,1034,107,4,2.4
551,1034,112,4,3.0
552,1034,102,4,3.6
553,1035,102,1,1.1
554,1035,112,1,3.4
555,1035,109,1,0.7
556,1035,115,1,IP
557,1035,104,2,0.4
558,1035,117,2,1.4
559,1035,106,2,3.5
560,1035,110,2,0.6
561,1035,103,3,3.6
562,1035,115,3,3.0
563,1035,116,3,2.6
564,1035,113,3,3.3
565,1035,111,3,1.6
566,1035,117,4,1.2
567,1035,115,4,2.7
568,1035,120,4,3.3
569,1035,111,4,3.0
570,1036,109,1,2.1
571,1036,108,1,3.8
572,1036,106,1,IP
573,1036,105,2,0.8
574,1036,113,2,IP
575,1036,117,2,2.3
576,1036,114,3,0.1
577,1036,112,3,3.2
578,1036,104,3,2.9
579,1036,108,3,1.1
580,1036,108,4,1.4
581,1036,106,4,2.0
582,1036,109,4,2.8
583,1037,120,1,1.0
584,1037,119,1,1.0
585,1037,113,1,0.1
586,1037,106,1,0.5
587,1037,105,2,1.5
588,1037,118,2,0.2
589,1037,110,2,3.9
590,1037,120,2,0.5
591,1037,105,3,4.0
592,1037,118,3,IP
593,1037,116,3,2.8
594,1037,109,3,0.0
595,1037,117,4,3.1
596,1037,120,4,0.5
597,1037,102,4,1.6
598,1038,112,1,0.7
599,1038,105,1,IP
600,1038,117,1,3.5
601,1038,104,1,0.4
602,1038,114,1,3.7
603,1038,116,2,1.5
604,1038,111,2,1.2
605,1038,118,2,0.2
606,1038,110,2,2.1
607,1038,114,2,3.4
608,1038,108,3,2.0
609,1038,104,3,2.7
610,1038,101,3,1.9
611,1038,118,4,1.2
612,1038,120,4,0.6
613,1038,109,4,3.0
614,1039,102,1,1.3
615,1039,103,1,3.8
616,1039,105,1,2.7
617,1039,106,1,4.0
618,1039,108,2,1.5
619,1039,112,2,0.5
620,1039,118,2,3.8
621,1039,117,2,3.7
622,1039,110,3,0.9
623,1039,105,3,1.2
624,1039,113,3,3.8
625,1039,118,3,IP
626,1039,104,4,1.9
627,1039,101,4,0.1
628,1039,112,4,1.9
629,1039,116,4,0.5
630,1040,102,1,0.3
631,1040,105,1,2.1
632,1040,115,1,2.3
633,1040,111,1,1.7
634,1040,101,1,3.2
635,1040,102,2,3.9
636,1040,110,2,3.4
637,1040,111,2,3.9
638,1040,101,2,3.3
639,1040,115,3,0.7
640,1040,108,3,1.5
641,1040,110,3,3.5
642,1040,111,3,1.4
643,1040,108,4,2.4
644,1040,118,4,IP
645,1040,117,4,3.5
646,1040,116,4,2.2
647,1040,104,4,0.6
648,1041,110,1,3.2
649,1041,118,1,3.4
650,1041,106,1,0.2
651,1041,114,1,IP
652,1041,120,1,3.5
653,1041,108,2,2.2
654,1041,113,2,1.3
655,1041,115,2,IP
656,1041,116,2,0.7
657,1041,110,2,3.1
658,1041,101,3,0.2
659,1041,110,3,3.3
660,1041,104,3,0.9
661,1041,117,4,1.6
662,1041,105,4,3.3
663,1041,116,4,3.7
664,1042,109,1,0.9
665,1042,116,1,1.9
666,1042,113,1,1.6
667,1042,118,2,3.0
668,1042,102,2,3.5
669,1042,104,2,1.7
670,1042,116,2,3.6
671,1042,110,3,2.4
672,1042,105,3,2.5
673,1042,106,3,3.7
674,1042,116,4,3.1
675,1042,118,4,IP
676,1042,109,4,0.9
677,1043,105,1,3.8
678,1043,111,1,0.4
679,1043,119,1,IP
680,1043,117,1,0.4
681,1043,114,1,3.8
682,1043,115,2,1.3
683,1043,110,2,IP
684,1043,105,2,1.1
685,1043,119,2,0.7
686,1043,103,2,3.0
687,1043,105,3,2.6
688,1043,102,3,0.1
689,1043,119,3,0.4
690,1043,117,4,0.8
691,1043,102,4,3.5
692,1043,104,4,IP
693,1044,116,1,1.7
694,1044,120,1,3.5
695,1044,109,1,2.6
696,1044,112,1,0.8
697,1044,116,2,IP
698,1044,119,2,1.2
699,1044,110,2,IP
700,1044,111,2,1.3
701,1044,117,3,IP
702,1044,119,3,3.6
703,1044,118,3,2.2
704,1044,110,4,0.6
705,1044,108,4,2.2
706,1044,120,4,1.0
707,1044,116,4,IP
708,1045,117,1,0.3
709,1045,109,1,2.4
710,1045,107,1,0.8
711,1045,106,1,2.8
712,1045,108,2,2.2
713,1045,110,2,0.2
714,1045,107,2,IP
715,1045,110,3,0.5
716,1045,120,3,2.0
717,1045,111,3,3.4
718,1045,102,3,1.5
719,1045,113,3,3.6
720,1045,103,4,2.4
721,1045,111,4,2.5
722,1045,102,4,3.7
723,1046,106,1,1.9
724,1046,111,1,3.5
725,1046,117,1,3.4
726,1046,101,1,1.6
727,1046,101,2,3.2
728,1046,112,2,IP
729,1046,113,2,2.4
730,1046,103,2,3.0
731,1046,104,2,2.7
732,1046,108,3,IP
733,1046,102,3,2.0
734,1046,120,3,3.3
735,1046,105,3,IP
736,1046,104,4,3.4
737,1046,113,4,0.1
738,1046,115,4,IP
739,1046,107,4,3.1
740,1047,104,1,0.3
741,1047,113,1,1.2
742,1047,118,1,2.1
743,1047,115,1,3.8
744,1047,102,1,3.5
745,1047,105,2,3.6
746,1047,107,2,1.4
747,1047,112,2,2.0
748,1047,105,3,2.3
749,1047,119,3,IP
750,1047,113,3,2.3
751,1047,113,4,1.5
752,1047,111,4,3.8
753,1047,108,4,2.7
754,1047,101,4,2.2
755,1048,101,1,IP
756,1048,110,1,IP
757,1048,114,1,3.6
758,1048,116,1,1.8
759,1048,103,1,3.3
760,1048,110,2,3.5
761,1048,115,2,0.2
762,1048,103,2,3.8
763,1048,112,2,3.9
764,1048,118,2,1.6
765,1048,110,3,2.8
766,1048,104,3,2.0
767,1048,116,3,0.4
768,1048,110,4,IP
769,1048,115,4,0.1
770,1048,112,4,2.0
771,1048,119,4,2.5
772,1048,113,4,2.7
773,1049,104,1,3.1
774,1049,118,1,3.5
775,1049,116,1,2.4
776,1049,108,1,1.9
777,1049,115,1,3.7
778,1049,108,2,0.3
779,1049,111,2,2.7
780,1049,116,2,3.8
781,1049,112,3,IP
782,1049,105,3,0.7
783,1049,113,3,0.6
784,1049,107,3,3.4
785,1049,104,3,IP
786,1049,113,4,2.8
787,1049,107,4,IP
788,1049,114,4,3.7
789,1049,108,4,1.1
790,1049,115,4,2.3
791,1050,120,1,2.8
792,1050,113,1,1.8
793,1050,105,1,0.9
794,1050,103,2,0.4
795,1050,111,2,0.1
796,1050,106,2,0.1
797,1050,119,3,0.7
798,1050,110,3,0.2
799,1050,111,3,3.2
800,1050,102,3,2.2
801,1050,113,3,0.7
802,1050,105,4,4.0
803,1050,118,4,1.1
804,1050,120,4,1.1
805,1050,119,4,1.9
806,1050,113,4,3.3
807,1051,105,1,3.4
808,1051,101,1,2.4
809,1051,107,1,3.4
810,1051,109,1,3.8
811,1051,102,2,2.1
812,1051,110,2,IP
813,1051,115,2,2.7
814,1051,105,2,3.9
815,1051,106,3,0.1
816,1051,111,3,0.2
817,1051,116,3,3.0
818,1051,115,4,2.1
819,1051,102,4,2.3
820,1051,111,4,2.0
821,1051,103,4,1.7
822,1052,120,1,3.3
823,1052,111,1,0.1
824,1052,110,1,3.3
825,1052,113,1,0.1
826,1052,104,1,2.9
827,1052,104,2,3.9
828,1052,119,2,2.7
829,1052,118,2,0.9
830,1052,110,2,1.6
831,1052,108,3,IP
832,1052,117,3,1.4
833,1052,104,3,3.1
834,1052,105,3,IP
835,1052,120,4,2.7
836,1052,102,4,2.8
837,1052,107,4,IP
838,1052,101,4,3.3
839,1052,109,4,3.8
840,1053,103,1,0.7
841,1053,109,1,3.4
842,1053,101,1,1.1
843,1053,117,1,0.8
844,1053,115,1,1.0
845,1053,111,2,1.7
846,1053,104,2,3.7
847,1053,102,2,1.7
848,1053,105,2,0.8
849,1053,114,2,3.6
850,1053,102,3,0.3
851,1053,110,3,3.0
852,1053,114,3,3.6
853,1053,102,4,1.2
854,1053,107,4,0.9
855,1053,114,4,1.5
856,1054,110,1,2.0
857,1054,117,1,1.5
858,1054,107,1,0.6
859,1054,105,1,2.3
860,1054,110,2,0.9
861,1054,118,2,0.4
862,1054,117,2,1.3
863,1054,101,3,3.5
864,1054,116,3,2.6
865,1054,114,3,3.6
866,1054,111,3,1.5
867,1054,111,4,2.0
868,1054,104,4,0.4
869,1054,109,4,2.2
870,1054,116,4,3.7
871,1055,104,1,2.5
872,1055,116,1,3.5
873,1055,101,1,1.2
874,1055,112,2,0.8
875,1055,108,2,2.4
876,1055,104,2,3.3
877,1055,115,3,3.6
878,1055,117,3,1.8
879,1055,116,3,1.9
880,1055,111,4,1.8
881,1055,113,4,1.7
882,1055,112,4,3.2
883,1055,120,4,1.6
884,1056,120,1,0.9
885,1056,117,1,0.6
886,1056,111,1,IP
887,1056,101,1,1.4
888,1056,116,1,1.0
889,1056,109,2,1.3
890,1056,113,2,IP
891,1056,101,2,IP
892,1056,103,2,IP
893,1056,107,2,0.5
894,1056,113,3,0.9
895,1056,102,3,1.4
896,1056,120,3,3.8
897,1056,101,3,1.7
898,1056,101,4,0.9
899,1056,111,4,2.4
900,1056,116,4,0.1
901,1057,105,1,0.2
902,1057,120,1,3.5
903,1057,112,1,3.9
904,1057,107,1,0.5
905,1057,103,1,IP
906,1057,108,2,1.0
907,1057,109,2,3.8
908,1057,117,2,3.2
909,1057,110,3,0.1
910,1057,111,3,0.4
911,1057,116,3,3.1
912,1057,107,4,1.4
913,1057,113,4,3.2
914,1057,108,4,0.4
915,1057,110,4,2.5
916,1058,115,1,1.0
917,1058,101,1,2.5
918,1058,110,1,1.1
919,1058,104,1,IP
920,1058,120,1,IP
921,1058,112,2,2.0
922,1058,120,2,0.5
923,1058,110,2,3.9
924,1058,108,2,1.4
925,1058,105,3,0.9
926,1058,112,3,3.6
927,1058,114,3,3.3
928,1058,107,3,2.4
929,1058,117,3,2.8
930,1058,106,4,0.8
931,1058,115,4,3.7
932,1058,105,4,2.1
933,1058,103,4,3.4
934,1058,118,4,2.0
935,1059,103,1,2.0
936,1059,108,1,2.4
937,1059,107,1,0.4
938,1059,107,2,1.9
939,1059,106,2,IP
940,1059,115,2,0.4
941,1059,108,3,0.1
942,1059,103,3,3.8
943,1059,119,3,2.2
944,1059,117,3,1.1
945,1059,115,3,1.6
946,1059,115,4,0.8
947,1059,118,4,1.3
948,1059,113,4,3.0
949,1060,107,1,2.3
950,1060,101,1,3.3
951,1060,103,1,2.8
952,1060,105,2,3.1
953,1060,101,2,0.6
954,1060,106,2,2.5
955,1060,120,2,IP
956,1060,109,3,1.6
957,1060,112,3,0.3
958,1060,111,3,1.8
959,1060,118,3,1.2
960,1060,110,3,3.1
961,1060,116,4,1.2
962,1060,120,4,0.3
963,1060,111,4,3.3
964,1061,116,1,IP
965,1061,106,1,3.3
966,1061,101,1,1.5
967,1061,102,2,1.4
968,1061,113,2,1.8
969,1061,105,2,2.2
970,1061,112,2,2.8
971,1061,118,3,1.1
972,1061,107,3,3.7
973,1061,108,3,IP
974,1061,112,3,0.7
975,1061,114,4,2.5
976,1061,110,4,0.1
977,1061,120,4,IP
978,1062,112,1,1.1
979,1062,109,1,1.2
980,1062,108,1,1.2
981,1062,113,1,0.1
982,1062,120,2,0.4
983,1062,117,2,0.2
984,1062,105,2,3.0
985,1062,102,2,3.6
986,1062,117,3,0.4
987,1062,120,3,1.7
988,1062,105,3,3.1
989,1062,101,4,3.4
990,1062,114,4,IP
991,1062,105,4,2.5
992,1062,107,4,0.6
993,1063,108,1,1.7
994,1063,101,1,0.9
995,1063,117,1,2.0
996,1063,118,1,IP
997,1063,114,2,IP
998,1063,116,2,4.0
999,1063,113,2,0.8
1000,1063,117,2,2.1
1001,1063,101,3,IP
1002,1063,118,3,2.9
1003,1063,115,3,0.5
1004,1063,106,3,0.2
1005,1063,112,3,IP
1006,1063,107,4,0.1
1007,1063,105,4,0.0
1008,1063,101,4,2.5
1009,1063,115,4,IP
1010,1064,102,1,3.8
1011,1064,101,1,0.2
1012,1064,103,1,2.7
1013,1064,108,1,2.1
1014,1064,105,1,IP
1015,1064,102,2,3.8
1016,1064,106,2,IP
1017,1064,118,2,3.1
1018,1064,110,2,3.2
1019,1064,114,3,1.4
1020,1064,101,3,3.5
1021,1064,109,3,0.4
1022,1064,113,4,3.1
1023,1064,107,4,4.0
1024,1064,105,4,1.1
1025,1064,108,4,IP
1026,1065,114,1,0.7
1027,1065,106,1,2.8
1028,1065,110,1,2.3
1029,1065,107,1,3.6
1030,1065,111,1,1.9
1031,1065,110,2,2.4
1032,1065,106,2,0.5
1033,1065,109,2,3.4
1034,1065,120,2,2.7
1035,1065,118,3,0.8
1036,1065,107,3,1.1
1037,1065,110,3,3.0
1038,1065,115,3,1.1
1039,1065,109,4,0.8
1040,1065,101,4,0.3
1041,1065,103,4,0.8
1042,1065,116,4,1.6
1043,1066,112,1,3.8
1044,1066,102,1,3.9
1045,1066,106,1,IP
1046,1066,120,1,2.1
1047,1066,101,1,0.5
1048,1066,111,2,3.6
1049,1066,118,2,1.6
1050,1066,115,2,2.4
1051,1066,105,2,3.9
1052,1066,109,2,3.6
1053,1066,105,3,3.6
1054,1066,117,3,2.2
1055,1066,112,3,0.4
1056,1066,104,4,1.3
1057,1066,103,4,2.6
1058,1066,112,4,IP
1059,1066,118,4,0.9
1060,1066,105,4,IP
1061,1067,111,1,2.0
1062,1067,120,1,1.2
1063,1067,119,1,2.1
1064,1067,103,1,1.3
1065,1067,107,2,0.6
1066,1067,120,2,1.3
1067,1067,104,2,1.8
1068,1067,114,3,0.1
1069,1067,108,3,IP
1070,1067,110,3,3.4
1071,1067,117,3,4.0
1072,1067,120,3,2.7
1073,1067,112,4,2.2
1074,1067,119,4,0.8
1075,1067,102,4,1.6
1076,1068,112,1,2.8
1077,1068,108,1,3.9
1078,1068,104,1,IP
1079,1068,102,1,0.0
1080,1068,116,2,1.0
1081,1068,106,2,3.6
1082,1068,104,2,1.0
1083,1068,115,2,2.5
1084,1068,109,3,1.0
1085,1068,104,3,2.8
1086,1068,112,3,2.9
1087,1068,106,3,2.5
1088,1068,101,4,0.1
1089,1068,116,4,0.3
1090,1068,112,4,3.4
1091,1068,107,4,1.1
1092,1068,113,4,2.1
1093,1069,119,1,0.6
1094,1069,111,1,IP
1095,1069,105,1,1.8
1096,1069,109,1,3.6
1097,1069,115,1,0.2
1098,1069,115,2,2.6
1099,1069,101,2,1.9
1100,1069,107,2,2.6
1101,1069,119,2,0.7
1102,1069,112,2,1.3
1103,1069,115,3,3.1
1104,1069,108,3,3.7
1105,1069,116,3,0.6
1106,1069,110,3,3.9
1107,1069,118,4,0.3
1108,1069,120,4,2.8
1109,1069,104,4,3.4
1110,1069,102,4,2.2
1111,1069,114,4,0.5
1112,1070,104,1,2.1
1113,1070,107,1,0.9
1114,1070,108,1,2.9
1115,1070,118,1,1.4
1116,1070,108,2,3.6
1117,1070,113,2,2.5
1118,1070,118,2,3.5
1119,1070,102,2,1.7
1120,1070,114,2,1.5
1121,1070,112,3,2.3
1122,1070,103,3,0.4
1123,1070,109,3,2.7
1124,1070,106,3,IP
1125,1070,117,4,0.5
1126,1070,109,4,3.8
1127,1070,118,4,0.5
1128,1070,105,4,2.3
1129,1070,113,4,0.7
1130,1071,104,1,IP
1131,1071,106,1,2.9
1132,1071,116,1,0.5
1133,1071,118,1,1.2
1134,1071,101,1,3.9
1135,1071,109,2,2.2
1136,1071,120,2,3.3
1137,1071,108,2,2.4
1138,1071,110,2,0.4
1139,1071,113,3,0.9
1140,1071,115,3,2.4
1141,1071,106,3,2.0
1142,1071,104,3,1.9
1143,1071,103,4,2.0
1144,1071,104,4,2.6
1145,1071,111,4,2.7
1146,1072,101,1,0.5
1147,1072,108,1,2.6
1148,1072,119,1,1.3
1149,1072,110,1,0.3
1150,1072,116,1,2.9
1151,1072,103,2,0.0
1152,1072,113,2,3.4
1153,1072,106,2,2.7
1154,1072,119,2,2.1
1155,1072,115,2,IP
1156,1072,107,3,2.9
1157,1072,115,3,1.9
1158,1072,116,3,2.4
1159,1072,115,4,0.4
1160,1072,108,4,1.3
1161,1072,120,4,IP
1162,1073,116,1,0.5
1163,1073,115,1,2.4
1164,1073,110,1,2.4
1165,1073,111,1,2.7
1166,1073,117,2,3.3
1167,1073,120,2,1.3
1168,1073,110,2,2.7
1169,1073,105,2,3.3
1170,1073,117,3,3.7
1171,1073,101,3,3.1
1172,1073,109,3,2.9
1173,1073,114,4,1.6
1174,1073,118,4,1.1
1175,1073,104,4,3.2
1176,1073,103,4,0.0
1177,1074,102,1,0.1
1178,1074,118,1,0.5
1179,1074,101,1,1.4
1180,1074,103,1,2.1
1181,1074,111,2,0.4
1182,1074,104,2,0.6
1183,1074,102,2,IP
1184,1074,106,3,0.5
1185,1074,108,3,1.9
1186,1074,114,3,0.0
1187,1074,113,3,3.0
1188,1074,112,4,0.9
1189,1074,120,4,1.3
1190,1074,101,4,1.0
1191,1075,116,1,2.1
1192,1075,118,1,1.0
1193,1075,106,1,2.3
1194,1075,117,1,IP
1195,1075,109,1,1.5
1196,1075,114,2,2.8
1197,1075,111,2,0.0
1198,1075,116,2,2.5
1199,1075,113,3,1.9
1200,1075,110,3,1.5
1201,1075,111,3,0.9
1202,1075,104,3,0.1
1203,1075,102,4,IP
1204,1075,108,4,2.6
1205,1075,119,4,0.4
1206,1075,104,4,2.8
1207,1075,109,4,IP
1208,1076,111,1,3.1
1209,1076,105,1,1.2
1210,1076,106,1,1.8
1211,1076,118,1,IP
1212,1076,104,1,3.8
1213,1076,119,2,2.9
1214,1076,106,2,0.6
1215,1076,120,2,1.3
1216,1076,113,3,2.6
1217,1076,114,3,1.4
1218,1076,109,3,2.6
1219,1076,117,3,2.5
1220,1076,108,4,1.8
1221,1076,118,4,0.9
1222,1076,105,4,3.6
1223,1077,114,1,2.0
1224,1077,105,1,2.8
1225,1077,116,1,3.8
1226,1077,109,2,0.1
1227,1077,108,2,3.8
1228,1077,118,2,3.8
1229,1077,102,2,1.1
1230,1077,107,3,1.1
1231,1077,112,3,0.8
1232,1077,104,3,0.5
1233,1077,106,3,2.0
1234,1077,114,3,1.1
1235,1077,115,4,0.3
1236,1077,102,4,2.3
1237,1077,113,4,3.2
1238,1077,111,4,3.9
1239,1078,111,1,IP
1240,1078,109,1,3.3
1241,1078,117,1,3.7
1242,1078,119,1,1.8
1243,1078,102,1,IP
1244,1078,117,2,1.8
1245,1078,116,2,3.1
1246,1078,103,2,0.7
1247,1078,110,2,2.5
1248,1078,115,2,2.4
1249,1078,107,3,3.6
1250,1078,109,3,IP
1251,1078,110,3,0.4
1252,1078,116,3,0.7
1253,1078,103,4,1.9
1254,1078,106,4,2.1
1255,1078,114,4,1.7
1256,1078,120,4,3.5
1257,1079,108,1,4.0
1258,1079,120,1,1.1
1259,1079,102,1,1.7
1260,1079,101,2,2.5
1261,1079,107,2,0.2
1262,1079,103,2,2.0
1263,1079,114,2,2.9
1264,1079,116,3,IP
1265,1079,110,3,0.6
1266,1079,109,3,3.1
1267,1079,108,3,1.2
1268,1079,115,4,IP
1269,1079,113,4,2.7
1270,1079,114,4,0.0
1271,1080,111,1,IP
1272,1080,115,1,IP
1273,1080,118,1,3.5
1274,1080,115,2,0.3
1275,1080,110,2,3.1
1276,1080,101,2,2.4
1277,1080,107,3,1.4
1278,1080,119,3,2.7
1279,1080,104,3,IP
1280,1080,108,4,3.7
1281,1080,112,4,3.9
1282,1080,111,4,1.1
1283,1081,110,1,0.4
1284,1081,114,1,3.2
1285,1081,105,1,0.6
1286,1081,106,1,0.7
1287,1081,102,1,1.2
1288,1081,103,2,0.3
1289,1081,119,2,2.7
1290,1081,107,2,3.7
1291,1081,106,2,1.1
1292,1081,118,2,3.5
1293,1081,109,3,2.7
1294,1081,113,3,2.9
1295,1081,107,3,IP
1296,1081,101,3,2.8
1297,1081,112,4,1.7
1298,1081,104,4,0.8
1299,1081,115,4,3.0
1300,1081,110,4,3.1
1301,1081,103,4,0.5
1302,1082,120,1,1.6
1303,1082,104,1,0.7
1304,1082,116,1,3.8
1305,1082,117,2,2.3
1306,1082,110,2,2.3
1307,1082,112,2,IP
1308,1082,106,3,0.5
1309,1082,110,3,0.4
1310,1082,112,3,1.4
1311,1082,119,3,0.9
1312,1082,117,3,1.6
1313,1082,119,4,3.4
1314,1082,114,4,0.3
1315,1082,109,4,1.7
1316,1083,111,1,0.5
1317,1083,102,1,0.4
1318,1083,112,1,4.0
1319,1083,115,2,2.0
1320,1083,120,2,3.2
1321,1083,114,2,0.1
1322,1083,108,2,1.4
1323,1083,118,3,1.2
1324,1083,112,3,3.0
1325,1083,111,3,0.6
1326,1083,120,3,2.9
1327,1083,101,3,2.2
1328,1083,101,4,3.1
1329,1083,103,4,0.9
1330,1083,106,4,0.4
1331,1083,108,4,3.7
1332,1083,115,4,2.5
1333,1084,117,1,2.0
1334,1084,105,1,IP
1335,1084,109,1,1.3
1336,1084,102,2,1.5
1337,1084,117,2,1.9
1338,1084,112,2,0.5
1339,1084,115,2,3.4
1340,1084,112,3,2.9
1341,1084,101,3,2.6
1342,1084,107,3,3.4
1343,1084,104,3,3.4
1344,1084,106,3,3.7
1345,1084,113,4,IP
1346,1084,119,4,0.4
1347,1084,105,4,3.3
1348,1084,101,4,3.8
1349,1085,103,1,1.3
1350,1085,104,1,3.0
1351,1085,102,1,2.2
1352,1085,120,1,IP
1353,1085,118,2,0.7
1354,1085,106,2,0.7
1355,1085,105,2,0.1
1356,1085,101,3,1.0
1357,1085,114,3,3.5
1358,1085,119,3,1.5
1359,1085,116,3,0.5
1360,1085,118,3,2.2
1361,1085,119,4,1.7
1362,1085,103,4,4.0
1363,1085,116,4,0.6
1364,1085,117,4,2.6
1365,1085,105,4,3.7
1366,1086,111,1,3.2
1367,1086,107,1,3.0
1368,1086,120,1,2.3
1369,1086,114,2,0.6
1370,1086,104,2,1.0
1371,1086,119,2,2.3
1372,1086,110,2,0.4
1373,1086,103,2,0.8
1374,1086,117,3,2.5
1375,1086,114,3,0.4
1376,1086,102,3,0.7
1377,1086,106,3,2.2
1378,1086,103,3,IP
1379,1086,112,4,0.4
1380,1086,101,4,0.0
1381,1086,113,4,IP
1382,1086,107,4,0.3
1383,1086,117,4,2.5
1384,1087,114,1,3.6
1385,1087,110,1,3.9
1386,1087,113,1,2.8
1387,1087,102,1,1.2
1388,1087,107,1,1.6
1389,1087,114,2,1.7
1390,1087,109,2,IP
1391,1087,120,2,0.7
1392,1087,103,3,3.3
1393,1087,110,3,0.1
1394,1087,115,3,3.3
1395,1087,109,3,1.6
1396,1087,104,3,0.9
1397,1087,108,4,4.0
1398,1087,120,4,3.0
1399,1087,109,4,1.1
1400,1087,114,4,0.3
1401,1088,108,1,2.3
1402,1088,114,1,IP
1403,1088,115,1,0.9
1404,1088,112,1,2.2
1405,1088,112,2,3.1
1406,1088,115,2,0.2
1407,1088,105,2,1.8
1408,1088,104,3,2.4
1409,1088,117,3,0.2
1410,1088,118,3,1.1
1411,1088,116,3,0.3
1412,1088,105,3,3.8
1413,1088,114,4,2.1
1414,1088,112,4,0.6
1415,1088,117,4,2.8
1416,1088,101,4,0.4
1417,1088,111,4,0.5
1418,1089,111,1,2.2
1419,1089,105,1,1.4
1420,1089,102,1,1.0
1421,1089,109,2,0.9
1422,1089,120,2,1.2
1423,1089,112,2,1.9
1424,1089,119,2,3.7
1425,1089,109,3,0.3
1426,1089,113,3,1.4
1427,1089,111,3,1.8
1428,1089,112,3,2.7
1429,1089,106,3,0.0
1430,1089,112,4,3.4
1431,1089,108,4,0.6
1432,1089,120,4,2.8
1433,1089,111,4,3.8
1434,1089,105,4,2.7
1435,1090,118,1,1.8
1436,1090,117,1,1.9
1437,1090,104,1,2.7
1438,1090,101,1,1.4
1439,1090,113,2,2.7
1440,1090,105,2,1.0
1441,1090,117,2,0.7
1442,1090,102,2,2.9
1443,1090,118,2,1.9
1444,1090,110,3,1.8
1445,1090,116,3,4.0
1446,1090,118,3,2.0
1447,1090,115,3,3.1
1448,1090,104,4,3.7
1449,1090,107,4,3.8
1450,1090,111,4,2.6
1451,1090,102,4,IP
1452,1091,103,1,2.5
1453,1091,111,1,3.0
1454,1091,116,1,IP
1455,1091,105,2,0.4
1456,1091,109,2,3.0
1457,1091,107,2,0.9
1458,1091,101,3,1.1
1459,1091,105,3,IP
1460,1091,110,3,3.7
1461,1091,107,3,0.3
1462,1091,109,4,0.3
1463,1091,110,4,IP
1464,1091,120,4,2.8
1465,1091,118,4,2.3
1466,1091,113,4,IP
1467,1092,111,1,0.7
1468,1092,112,1,3.0
1469,1092,107,1,0.9
1470,1092,109,2,0.8
1471,1092,108,2,1.3
1472,1092,105,2,IP
1473,1092,118,2,2.9
1474,1092,115,2,1.9
1475,1092,120,3,2.5
1476,1092,114,3,3.1
1477,1092,112,3,0.5
1478,1092,114,4,0.7
1479,1092,109,4,0.7
1480,1092,111,4,2.3
1481,1093,102,1,3.1
1482,1093,106,1,0.7
1483,1093,107,1,1.4
1484,1093,101,2,2.7
1485,1093,102,2,0.2
1486,1093,107,2,2.8
1487,1093,112,3,2.2
1488,1093,102,3,3.2
1489,1093,101,3,2.3
1490,1093,105,3,2.9
1491,1093,111,3,0.5
1492,1093,101,4,2.3
1493,1093,114,4,1.8
1494,1093,116,4,2.9
1495,1094,102,1,3.3
1496,1094,101,1,0.8
1497,1094,104,1,0.2
1498,1094,103,1,IP
1499,1094,120,2,2.5
1500,1094,108,2,IP
1501,1094,102,2,IP
1502,1094,113,3,IP
1503,1094,103,3,1.4
1504,1094,104,3,2.2
1505,1094,115,3,3.0
1506,1094,106,3,2.1
1507,1094,106,4,IP
1508,1094,109,4,2.1
1509,1094,103,4,0.8
1510,1094,120,4,4.0
1511,1095,103,1,0.6
1512,1095,113,1,1.7
1513,1095,109,1,1.0
1514,1095,120,2,2.9
1515,1095,115,2,IP
1516,1095,107,2,1.4
1517,1095,103,2,3.0
1518,1095,118,2,2.6
1519,1095,119,3,1.3
1520,1095,108,3,3.6
1521,1095,101,3,1.0
1522,1095,105,3,1.7
1523,1095,107,3,3.8
1524,1095,112,4,0.4
1525,1095,101,4,1.2
1526,1095,113,4,IP
1527,1096,119,1,3.5
1528,1096,102,1,3.2
1529,1096,106,1,2.9
1530,1096,101,1,1.5
1531,1096,104,1,2.1
1532,1096,109,2,IP
1533,1096,113,2,3.3
1534,1096,112,2,0.9
1535,1096,109,3,0.9
1536,1096,113,3,3.7
1537,1096,101,3,3.7
1538,1096,110,4,IP
1539,1096,113,4,1.0
1540,1096,104,4,0.5
1541,1096,111,4,2.4
1542,1097,109,1,1.0
1543,1097,117,1,0.6
1544,1097,105,1,3.5
1545,1097,101,1,IP
1546,1097,106,1,2.2
1547,1097,111,2,1.6
1548,1097,118,2,0.6
1549,1097,105,2,IP
1550,1097,114,3,3.9
1551,1097,119,3,3.1
1552,1097,117,3,2.3
1553,1097,113,3,0.4
1554,1097,108,3,2.4
1555,1097,113,4,2.0
1556,1097,110,4,3.4
1557,1097,109,4,1.4
1558,1097,119,4,1.1
1559,1097,107,4,1.2
1560,1098,116,1,2.1
1561,1098,110,1,1.2
1562,1098,119,1,3.2
1563,1098,105,1,1.2
1564,1098,106,1,3.4
1565,1098,119,2,1.1
1566,1098,120,2,3.1
1567,1098,111,2,1.1
1568,1098,114,2,2.6
1569,1098,102,3,IP
1570,1098,106,3,4.0
1571,1098,110,3,3.6
1572,1098,110,4,1.0
1573,1098,103,4,3.8
1574,1098,107,4,IP
1575,1098,105,4,0.1
1576,1098,118,4,1.1
1577,1099,117,1,3.6
1578,1099,112,1,3.2
1579,1099,113,1,1.6
1580,1099,120,2,2.3
1581,1099,115,2,1.5
1582,1099,102,2,0.8
1583,1099,117,2,3.1
1584,1099,107,2,1.7
1585,1099,119,3,3.3
1586,1099,110,3,1.2
1587,1099,102,3,1.3
1588,1099,103,3,1.2
1589,1099,113,4,3.4
1590,1099,104,4,0.4
1591,1099,105,4,1.6
1592,1099,114,4,2.6
